,airport,airport_name,arr_flights,arr_del15,carrier_ct,weather_ct,nas_ct,late_aircraft_ct,arr_cancelled,arr_diverted,arr_delay,carrier_delay,weather_delay,nas_delay,late_aircraft_delay,average_fare
0,ABE,"Allentown/Bethlehem/Easton, PA: Lehigh Valley International",4709.0,918.0,290.51,64.52,218.54,342.9,72.0,15.0,76910.0,26832.0,7908.0,8872.0,33267.0,279.81
1,ABI,"Abilene, TX: Abilene Regional",1757.0,404.0,87.71,30.14,106.09,180.06,15.0,1.0,25690.0,4625.0,2706.0,4501.0,13858.0,590.56
2,ABQ,"Albuquerque, NM: Albuquerque International Sunport",25270.0,5175.0,1949.92,134.7,895.47,2186.0,186.0,30.0,299694.0,110781.0,12421.0,35499.0,140627.0,409.64
3,ABR,"Aberdeen, SD: Aberdeen Regional",728.0,140.0,100.61,26.58,12.83,0.0,6.0,1.0,14515.0,10924.0,2795.0,796.0,0.0,725.58
4,ABY,"Albany, GA: Southwest Georgia Regional",765.0,160.0,114.24,28.92,14.9,1.95,6.0,3.0,14953.0,10955.0,3001.0,939.0,58.0,764.48
5,ACK,"Nantucket, MA: Nantucket Memorial",1927.0,312.0,116.87,32.53,91.67,70.91,54.0,21.0,24758.0,10316.0,3073.0,4896.0,6473.0,321.21
6,ACT,"Waco, TX: Waco Regional",1087.0,238.0,107.28,28.32,31.990000000000002,69.42999999999999,30.0,0.0,16113.0,6710.0,2805.0,1951.0,4603.0,586.68
7,ACV,"Arcata/Eureka, CA: California Redwood Coast Humboldt County",1737.0,381.0,143.44,32.28,106.5,98.47,28.0,18.0,32261.0,9722.0,7458.0,6761.0,8315.0,478.59
8,ACY,"Atlantic City, NJ: Atlantic City International",3049.0,656.0,178.2,21.61,247.92,199.24,58.0,5.0,43561.0,11435.0,1127.0,15486.0,15115.0,143.28
9,ADK,"Adak Island, AK: Adak",104.0,11.0,3.81,0.0,4.1899999999999995,3.0,8.0,2.0,657.0,325.0,0.0,117.0,215.0,825.72
10,ADQ,"Kodiak, AK: Kodiak Airport",816.0,121.0,31.249999999999996,12.19,16.240000000000002,61.32,28.0,1.0,6513.0,1845.0,783.0,605.0,3280.0,546.04
11,AEX,"Alexandria, LA: Alexandria International",1966.0,286.0,137.69,36.29,52.9,58.18,36.0,12.0,19951.0,10099.0,3047.0,2876.0,3870.0,631.45
12,AGS,"Augusta, GA: Augusta Regional at Bush Field",5043.0,941.0,341.22,99.78999999999999,198.54,298.34000000000003,105.0,10.0,87803.0,28455.0,21514.0,8520.0,29193.0,556.55
13,AKN,"King Salmon, AK: King Salmon Airport",475.0,72.0,27.98,4.31,13.850000000000001,25.85,8.0,1.0,3272.0,1288.0,234.0,459.0,1291.0,555.67
14,ALB,"Albany, NY: Albany International",15781.0,3508.0,1372.73,129.23,655.61,1340.26,190.0,38.0,254514.0,98042.0,19858.0,28266.0,107793.0,429.69
15,ALO,"Waterloo, IA: Waterloo Regional",675.0,127.0,27.41,10.64,25.75,63.22,18.0,1.0,9523.0,1944.0,987.0,1308.0,5284.0,524.99
16,ALW,"Walla Walla, WA: Walla Walla Regional",724.0,109.0,32.86,5.97,20.47,49.7,27.0,0.0,5191.0,1397.0,298.0,871.0,2625.0,508.21
17,AMA,"Amarillo, TX: Rick Husband Amarillo International",5940.0,1170.0,405.82,59.64,202.32999999999998,500.99,89.0,11.0,74863.0,22693.0,6612.0,9493.0,36023.0,436.41
18,ANC,"Anchorage, AK: Ted Stevens Anchorage International",22664.0,4840.0,1276.3700000000001,119.04,1546.13,1783.79,398.0,29.0,241593.0,71163.0,10890.0,49498.0,106342.0,530.75
19,APN,"Alpena, MI: Alpena County Regional",629.0,124.0,89.93,22.13,11.94,0.0,18.0,5.0,11228.0,8018.0,2303.0,907.0,0.0,688.07
20,ART,"Watertown, NY: Watertown International",673.0,78.0,16.56,7.75,14.01,39.51,27.0,12.0,11504.0,1049.0,2420.0,930.0,7102.0,427.41
21,ASE,"Aspen, CO: Aspen Pitkin County Sardy Field",7891.0,2082.0,944.74,201.08,544.52,389.36,337.0,291.0,182494.0,76905.0,29757.0,39220.0,36434.0,656.36
22,ATL,"Atlanta, GA: Hartsfield-Jackson Atlanta International",342538.0,58817.0,18453.0,2219.57,15786.22,22221.329999999998,3583.0,566.0,4511977.0,1818526.0,241509.0,763292.0,1682484.0,409.34
23,ATW,"Appleton, WI: Appleton International",7425.0,1668.0,668.11,161.51,336.18,501.46999999999997,117.0,34.0,141042.0,54139.0,25326.0,17318.0,44219.0,399.73
24,AUS,"Austin, TX: Austin - Bergstrom International",86188.0,19633.0,6158.11,524.77,5503.0599999999995,7394.09,838.0,196.0,1227946.0,419091.0,54762.0,229072.0,522983.0,398.98
25,AVL,"Asheville, NC: Asheville Regional",13136.0,2622.0,743.05,145.51,785.17,943.39,383.0,34.0,218495.0,64323.0,28391.0,40501.0,85124.0,329.04
26,AVP,"Scranton/Wilkes-Barre, PA: Wilkes Barre Scranton International",3022.0,749.0,232.12,33.39,189.06,292.25,32.0,9.0,59800.0,18485.0,6616.0,7142.0,27457.0,488.15
27,AZA,"Phoenix, AZ: Phoenix - Mesa Gateway",5885.0,1012.0,327.31,63.379999999999995,277.51,339.15,46.0,5.0,93266.0,34794.0,15386.0,11599.0,31175.0,146.95
28,AZO,"Kalamazoo, MI: Kalamazoo/Battle Creek International",1901.0,405.0,199.22,45.22,56.24,104.33,31.0,6.0,35990.0,17027.0,6389.0,2557.0,10017.0,495.71
29,BDL,"Hartford, CT: Bradley International",23624.0,5407.0,1988.88,138.03,1164.59,2101.75,284.0,25.0,357653.0,137538.0,12881.0,51007.0,155719.0,375.58
30,BET,"Bethel, AK: Bethel Airport",824.0,149.0,51.75,15.99,31.1,50.2,10.0,0.0,7786.0,2521.0,1132.0,1235.0,2898.0,420.66
31,BFF,"Scottsbluff, NE: Western Neb. Regional/William B. Heilig Field",627.0,107.0,42.28,8.86,17.03,38.83,13.0,2.0,7975.0,2868.0,1080.0,1095.0,2932.0,491.5
32,BFL,"Bakersfield, CA: Meadows Field",2683.0,495.0,194.87,17.13,80.84,202.15,16.0,4.0,38042.0,15775.0,2070.0,3794.0,16403.0,558.21
33,BGM,"Binghamton, NY: Greater Binghamton/Edwin A. Link Field",367.0,48.0,18.42,3.9000000000000004,9.84,15.83,11.0,4.0,3586.0,1005.0,1169.0,405.0,1007.0,408.22
34,BGR,"Bangor, ME: Bangor International",5160.0,965.0,284.97,43.49,262.28,373.59000000000003,156.0,15.0,72650.0,22977.0,11743.0,12033.0,25862.0,433.09
35,BHM,"Birmingham, AL: Birmingham-Shuttlesworth International",19250.0,4143.0,1473.69,157.47,884.4,1616.8,238.0,15.0,269184.0,90183.0,15150.0,39499.0,123767.0,496.14
36,BIH,"Bishop, CA: Bishop Airport",274.0,68.0,28.73,5.55,16.39,17.33,18.0,1.0,5715.0,2433.0,716.0,1000.0,1566.0,474.81
37,BIL,"Billings, MT: Billings Logan International",5350.0,910.0,378.26,47.91,163.62,320.17,32.0,8.0,55707.0,21853.0,3795.0,6556.0,23503.0,489.11
38,BIS,"Bismarck/Mandan, ND: Bismarck Municipal",3976.0,691.0,340.0,75.07,115.47,160.38,33.0,10.0,46135.0,22585.0,7343.0,5363.0,10834.0,468.54
39,BJI,"Bemidji, MN: Bemidji Regional",730.0,124.0,95.78,15.93,12.209999999999999,0.0,6.0,3.0,15185.0,12285.0,2042.0,856.0,0.0,688.12
40,BLI,"Bellingham, WA: Bellingham International",2543.0,454.0,116.73,16.19,95.48,222.57999999999998,14.0,1.0,25702.0,6862.0,2023.0,4325.0,12361.0,283.95
41,BLV,"Belleville, IL: Scott AFB MidAmerica St Louis",1096.0,228.0,82.3,21.95,37.800000000000004,85.5,24.0,4.0,20386.0,10772.0,2390.0,1640.0,5574.0,134.69
42,BMI,"Bloomington/Normal, IL: Central Il Regional Airport at Bloomington",2574.0,457.0,117.08,46.36,104.46000000000001,189.05,39.0,6.0,40061.0,7862.0,10379.0,5648.0,16172.0,464.09
43,BNA,"Nashville, TN: Nashville International",100909.0,19258.0,6238.07,577.63,3895.06,8485.74,1221.0,204.0,1230094.0,404990.0,56292.0,187482.0,578411.0,357.19
44,BOI,"Boise, ID: Boise Air Terminal",27079.0,4858.0,1939.66,208.56,900.11,1792.05,138.0,29.0,277490.0,111717.0,18490.0,36967.0,109556.0,408.16
45,BOS,"Boston, MA: Logan International",144833.0,32350.0,9102.34,850.89,11412.3,10931.37,2057.0,273.0,2442830.0,781678.0,93273.0,646604.0,918857.0,369.65
46,BPT,"Beaumont/Port Arthur, TX: Jack Brooks Regional",730.0,106.0,49.84,19.87,18.42,16.87,18.0,9.0,10322.0,2834.0,5021.0,1100.0,1336.0,491.82
47,BQK,"Brunswick, GA: Brunswick Golden Isles",795.0,178.0,131.43,29.369999999999997,13.98,3.26,1.0,1.0,19352.0,14634.0,3694.0,851.0,173.0,609.7
48,BQN,"Aguadilla, PR: Rafael Hernandez",2445.0,710.0,300.98,19.84,164.47,220.51,31.0,8.0,45265.0,18148.0,2105.0,8476.0,16409.0,238.18
49,BRD,"Brainerd, MN: Brainerd Lakes Regional",649.0,98.0,67.75,16.79,13.459999999999999,0.0,4.0,2.0,7808.0,5242.0,1793.0,773.0,0.0,651.88
50,BRO,"Brownsville, TX: Brownsville South Padre Island International",3276.0,543.0,227.84,41.74,110.7,160.74,71.0,8.0,40981.0,17618.0,4783.0,4408.0,12798.0,376.72
51,BRW,"Barrow, AK: Wiley Post/Will Rogers Memorial",417.0,104.0,38.49,4.0,17.15,44.33,20.0,3.0,4842.0,2253.0,111.0,452.0,2026.0,514.41
52,BTM,"Butte, MT: Bert Mooney",690.0,69.0,53.36,9.62,5.01,0.0,0.0,1.0,4055.0,2977.0,810.0,166.0,0.0,617.47
53,BTR,"Baton Rouge, LA: Baton Rouge Metropolitan/Ryan Field",6629.0,1324.0,496.73,93.06,264.68,466.77,136.0,14.0,104102.0,34394.0,12762.0,11516.0,45356.0,510.23
54,BTV,"Burlington, VT: Burlington International",9024.0,1711.0,571.27,70.99,441.82,622.39,147.0,21.0,119720.0,39492.0,10812.0,19155.0,50094.0,488.52
55,BUF,"Buffalo, NY: Buffalo Niagara International",24469.0,5381.0,2087.7599999999998,159.42,1062.95,2061.48,517.0,31.0,357614.0,135280.0,21444.0,46279.0,154170.0,338.73
56,BUR,"Burbank, CA: Bob Hope",30889.0,6109.0,1892.59,85.08,1347.48,2774.06,300.0,100.0,338460.0,106178.0,7486.0,58132.0,166235.0,317.95
57,BWI,"Baltimore, MD: Baltimore/Washington International Thurgood Marshall",98827.0,19196.0,5541.7,371.86,4629.15,8557.27,1156.0,151.0,1118315.0,322659.0,36862.0,214648.0,540521.0,362.3
58,BZN,"Bozeman, MT: Bozeman Yellowstone International",11241.0,2112.0,840.17,70.91,369.74,826.47,77.0,43.0,131735.0,49987.0,10900.0,14814.0,55895.0,424.0
59,CAE,"Columbia, SC: Columbia Metropolitan",10368.0,1957.0,704.46,94.77,379.02,775.86,138.0,9.0,151360.0,50195.0,14107.0,17454.0,69463.0,509.31
60,CAK,"Akron, OH: Akron-Canton Regional",3478.0,929.0,338.88,49.17,167.61,370.28000000000003,52.0,2.0,75497.0,26647.0,5595.0,8133.0,34933.0,268.5
61,CDC,"Cedar City, UT: Cedar City Regional",629.0,71.0,55.14,7.47,7.390000000000001,0.0,4.0,5.0,4984.0,3941.0,586.0,268.0,0.0,541.64
62,CDV,"Cordova, AK: Merle K Mudhole Smith",726.0,139.0,22.259999999999998,7.26,26.25,82.28,8.0,10.0,7229.0,1833.0,335.0,935.0,4111.0,479.88
63,CHA,"Chattanooga, TN: Lovell Field",8315.0,1514.0,504.84,96.81,371.7,537.75,87.0,11.0,99683.0,30832.0,11614.0,15656.0,41412.0,521.13
64,CHO,"Charlottesville, VA: Charlottesville Albemarle",6685.0,1037.0,346.93,61.12,261.27,367.7,82.0,16.0,73532.0,21864.0,8088.0,10745.0,32835.0,488.31
65,CHS,"Charleston, SC: Charleston AFB/International",26319.0,5285.0,1899.24,150.64,1194.21,2031.72,404.0,28.0,351746.0,126156.0,15733.0,52469.0,156858.0,359.39
66,CID,"Cedar Rapids/Iowa City, IA: The Eastern Iowa",8605.0,1984.0,717.85,145.39,401.08,717.36,185.0,37.0,157312.0,53010.0,20898.0,17063.0,66255.0,407.1
67,CIU,"Sault Ste. Marie, MI: Chippewa County International",728.0,152.0,116.78,18.57,16.64,0.0,8.0,7.0,14403.0,11622.0,1823.0,958.0,0.0,693.69
68,CKB,"Clarksburg/Fairmont, WV: North Central West Virginia",207.0,49.0,15.31,3.0,7.52,21.39,5.0,0.0,4218.0,1012.0,340.0,1494.0,1339.0,200.41
69,CLE,"Cleveland, OH: Cleveland-Hopkins International",43374.0,9207.0,3126.7400000000002,306.6,1924.16,3830.25,704.0,49.0,644063.0,220760.0,32271.0,88992.0,301306.0,362.71
70,CLL,"College Station/Bryan, TX: Easterwood Field",1122.0,223.0,83.07000000000001,25.69,31.020000000000003,82.15,28.0,5.0,14591.0,4370.0,3889.0,1602.0,4690.0,557.32
71,CLT,"Charlotte, NC: Charlotte Douglas International",252408.0,53683.0,12892.6,2233.44,15072.71,23340.9,3291.0,550.0,4506558.0,1453914.0,253156.0,657916.0,2134700.0,422.67
72,CMH,"Columbus, OH: John Glenn Columbus International",43999.0,8595.0,2995.15,263.99,1904.38,3403.03,519.0,55.0,559142.0,190963.0,32216.0,81298.0,253555.0,395.21
73,CMI,"Champaign/Urbana, IL: University of Illinois/Willard",1598.0,347.0,83.43,25.3,77.8,159.45,23.0,6.0,25373.0,4569.0,3398.0,3718.0,13646.0,592.51
74,CMX,"Hancock/Houghton, MI: Houghton County Memorial",730.0,194.0,71.15,19.46,22.060000000000002,81.33,32.0,6.0,21313.0,5285.0,5228.0,1377.0,9423.0,630.5
75,CNY,"Moab, UT: Canyonlands Regional",31.0,6.0,1.96,1.0,0.04,3.0,2.0,0.0,922.0,437.0,36.0,16.0,433.0,430.23
76,COD,"Cody, WY: Yellowstone Regional",918.0,183.0,71.67,17.15,37.01,57.17,18.0,5.0,15906.0,5158.0,4445.0,1862.0,4441.0,671.46
77,COS,"Colorado Springs, CO: City of Colorado Springs Municipal",12969.0,2874.0,1141.89,117.0,466.08,1142.41,140.0,33.0,181545.0,72822.0,13210.0,21721.0,73552.0,402.21
78,COU,"Columbia, MO: Columbia Regional",2130.0,518.0,150.46,36.45,108.92,222.22,43.0,5.0,34082.0,8525.0,5233.0,4619.0,15705.0,636.87
79,CPR,"Casper, WY: Casper/Natrona County International",2428.0,421.0,203.32,16.07,82.36,119.08,36.0,4.0,36681.0,18579.0,1876.0,4776.0,11425.0,591.61
80,CRP,"Corpus Christi, TX: Corpus Christi International",5780.0,1103.0,363.92,57.94,200.72,479.56,113.0,6.0,79218.0,22504.0,6251.0,8792.0,41595.0,500.3
81,CRW,"Charleston/Dunbar, WV: West Virginia International Yeager",3433.0,866.0,408.88,89.99000000000001,136.81,227.21,44.0,12.0,73779.0,34167.0,13143.0,6850.0,19543.0,531.58
82,CSG,"Columbus, GA: Columbus Airport",1001.0,187.0,108.87,28.91,26.06,23.15,20.0,2.0,15519.0,8538.0,3648.0,1596.0,1737.0,610.75
83,CVG,"Cincinnati, OH: Cincinnati/Northern Kentucky International",44095.0,9126.0,2840.15,304.81,2027.7,3937.7,590.0,52.0,671092.0,214878.0,37363.0,93477.0,324768.0,360.66
84,CWA,"Mosinee, WI: Central Wisconsin",1681.0,318.0,77.82,32.44,96.04,110.79,22.0,2.0,32149.0,7205.0,8303.0,3911.0,12264.0,558.16
85,CYS,"Cheyenne, WY: Cheyenne Regional/Jerry Olson Field",679.0,102.0,48.51,11.05,12.15,30.3,12.0,5.0,12583.0,6525.0,1309.0,617.0,4132.0,557.76
86,DAB,"Daytona Beach, FL: Daytona Beach International",2875.0,489.0,194.36,20.16,104.31,170.2,51.0,5.0,32717.0,12757.0,1918.0,5518.0,12524.0,476.41
87,DAL,"Dallas, TX: Dallas Love Field",72672.0,14920.0,4047.44,292.46999999999997,4160.56,6352.14,835.0,285.0,875200.0,217215.0,30413.0,232813.0,392302.0,337.15
88,DAY,"Dayton, OH: James M Cox/Dayton International",10063.0,2117.0,774.12,112.56,444.77,780.07,112.0,16.0,180446.0,62163.0,16571.0,21248.0,80270.0,482.76
89,DCA,"Washington, DC: Ronald Reagan Washington National",143253.0,29068.0,7838.42,894.13,9199.07,11067.42,2279.0,541.0,2262188.0,706758.0,117406.0,409273.0,1024192.0,379.6
90,DDC,"Dodge City, KS: Dodge City Regional",628.0,108.0,47.72,9.2,15.43,35.63,22.0,6.0,10272.0,3423.0,1312.0,2269.0,3268.0,418.71
91,DEC,"Decatur, IL: Decatur Airport",780.0,184.0,97.52,9.870000000000001,23.259999999999998,53.35,18.0,3.0,16885.0,10495.0,922.0,1312.0,4156.0,470.43
92,DEN,"Denver, CO: Denver International",313280.0,57607.0,17846.18,1951.1200000000001,15776.9,21941.16,3988.0,753.0,4150671.0,1411707.0,232734.0,752764.0,1748713.0,351.81
93,DFW,"Dallas/Fort Worth, TX: Dallas/Fort Worth International",315680.0,74664.0,19500.77,4553.17,20730.62,29645.52,6102.0,1309.0,6687235.0,2087427.0,601837.0,1122074.0,2866076.0,415.35
94,DHN,"Dothan, AL: Dothan Regional",766.0,132.0,76.21000000000001,16.82,14.6,24.35,6.0,1.0,12401.0,7747.0,2399.0,751.0,1504.0,816.91
95,DIK,"Dickinson, ND: Dickinson - Theodore Roosevelt Regional",671.0,93.0,46.02,9.6,14.08,23.29,15.0,7.0,10148.0,4095.0,880.0,3091.0,2082.0,583.95
96,DLG,"Dillingham, AK: Dillingham Airport",451.0,57.0,18.09,11.8,15.040000000000001,12.08,14.0,7.0,3434.0,977.0,959.0,405.0,1093.0,541.95
97,DLH,"Duluth, MN: Duluth International",2232.0,411.0,200.9,49.22,68.89,91.97,21.0,5.0,30852.0,13386.0,6501.0,3292.0,7673.0,553.7
98,DRO,"Durango, CO: Durango La Plata County",3996.0,720.0,354.09000000000003,45.56,134.18,180.45,41.0,20.0,49228.0,23117.0,5151.0,6317.0,14509.0,575.08
99,DSM,"Des Moines, IA: Des Moines International",16222.0,3545.0,1135.16,119.24,773.47,1514.16,241.0,49.0,258184.0,82672.0,16121.0,36070.0,123215.0,395.07
100,DTW,"Detroit, MI: Detroit Metro Wayne County",132892.0,23676.0,9433.0,1614.04,5031.43,7537.1,1410.0,172.0,1891780.0,884589.0,157452.0,258629.0,588628.0,431.74
101,DVL,"Devils Lake, ND: Devils Lake Regional",678.0,85.0,48.78,4.37,8.34,23.51,26.0,14.0,11746.0,6745.0,1563.0,448.0,2990.0,473.65
102,EAR,"Kearney, NE: Kearney Regional",106.0,10.0,4.53,0.99,0.49,4.0,4.0,1.0,1100.0,198.0,689.0,20.0,193.0,622.12
103,EAT,"Wenatchee, WA: Pangborn Memorial",730.0,89.0,20.740000000000002,4.59,16.44,47.24,8.0,2.0,3700.0,1129.0,195.0,457.0,1919.0,552.7
104,EAU,"Eau Claire, WI: Chippewa Valley Regional",32.0,8.0,3.0,1.95,1.05,2.0,2.0,0.0,2360.0,887.0,672.0,69.0,732.0,207.91
105,ECP,"Panama City, FL: Northwest Florida Beaches International",9445.0,1950.0,679.57,67.83,456.71,743.32,91.0,24.0,122436.0,41254.0,7858.0,18701.0,54540.0,434.09
106,EGE,"Eagle, CO: Eagle County Regional",3805.0,802.0,287.76,42.39,250.25,220.82,35.0,20.0,75296.0,25638.0,5881.0,15708.0,28036.0,650.84
107,EKO,"Elko, NV: Elko Regional",366.0,35.0,27.09,6.71,1.21,0.0,2.0,0.0,7211.0,5611.0,1476.0,124.0,0.0,795.48
108,ELM,"Elmira/Corning, NY: Elmira/Corning Regional",1007.0,213.0,147.47,34.53,25.599999999999998,5.3999999999999995,6.0,7.0,19797.0,13264.0,3814.0,2349.0,370.0,396.33
109,ELP,"El Paso, TX: El Paso International",19809.0,4236.0,1539.04,99.03,623.65,1964.42,162.0,19.0,270334.0,94377.0,11311.0,25834.0,138341.0,399.24
110,ERI,"Erie, PA: Erie International/Tom Ridge Field",991.0,173.0,38.97,17.45,65.14,51.45,14.0,12.0,11726.0,2865.0,1900.0,2052.0,4909.0,523.03
111,ESC,"Escanaba, MI: Delta County",651.0,102.0,83.01,11.42,7.569999999999999,0.0,3.0,4.0,8127.0,6363.0,1452.0,312.0,0.0,581.65
112,EUG,"Eugene, OR: Mahlon Sweet Field",8590.0,1646.0,619.15,62.86,316.74,644.5600000000001,123.0,7.0,96142.0,33142.0,7001.0,11231.0,44712.0,413.99
113,EVV,"Evansville, IN: Evansville Regional",3399.0,565.0,212.25,57.84,112.5,180.94,32.0,7.0,39468.0,14626.0,7039.0,5228.0,12501.0,556.64
114,EWN,"New Bern/Morehead/Beaufort, NC: Coastal Carolina Regional",1944.0,265.0,54.33,35.370000000000005,52.65,121.57000000000001,13.0,9.0,19374.0,2618.0,3387.0,1986.0,11350.0,553.65
115,EWR,"Newark, NJ: Newark Liberty International",142931.0,29632.0,7062.4,983.06,13689.07,7858.71,3757.0,622.0,2442221.0,586942.0,131681.0,957980.0,764060.0,426.52
116,EYW,"Key West, FL: Key West International",7969.0,1630.0,438.12,84.47,666.19,441.13,181.0,76.0,126567.0,32687.0,14927.0,36231.0,42713.0,414.67
117,FAI,"Fairbanks, AK: Fairbanks International",5357.0,1071.0,376.03,29.950000000000003,284.96,375.95,61.0,6.0,50962.0,22021.0,1976.0,8728.0,18077.0,525.21
118,FAR,"Fargo, ND: Hector International",6949.0,1407.0,582.97,116.67,284.98,421.86,55.0,9.0,107468.0,40513.0,21235.0,12297.0,33411.0,463.44
119,FAT,"Fresno, CA: Fresno Yosemite International",12004.0,2629.0,1022.9399999999999,122.63,519.19,960.04,84.0,8.0,156494.0,58797.0,9901.0,22625.0,64978.0,445.25
120,FAY,"Fayetteville, NC: Fayetteville Regional/Grannis Field",3091.0,471.0,148.85999999999999,45.86,89.42,185.14000000000001,25.0,9.0,33135.0,9903.0,4239.0,3650.0,15283.0,506.48
121,FCA,"Kalispell, MT: Glacier Park International",4959.0,856.0,382.31,35.13,191.25,245.95,39.0,9.0,51648.0,22757.0,4426.0,7314.0,17121.0,491.94
122,FLG,"Flagstaff, AZ: Flagstaff Pulliam",1851.0,285.0,154.05,36.41,32.71,61.84,6.0,6.0,22448.0,10681.0,6544.0,1576.0,3647.0,646.65
123,FLL,"Fort Lauderdale, FL: Fort Lauderdale-Hollywood International",91897.0,22261.0,6649.74,464.5,7580.19,7483.74,1526.0,234.0,1613040.0,505334.0,49982.0,450978.0,603110.0,265.32
124,FLO,"Florence, SC: Florence Regional",838.0,99.0,24.14,3.66,19.55,51.63,10.0,2.0,8902.0,3176.0,379.0,546.0,4801.0,536.43
125,FNT,"Flint, MI: Bishop International",2956.0,765.0,238.12,56.67,148.02,322.17,29.0,6.0,61717.0,16033.0,10926.0,8114.0,26642.0,249.31
126,FOD,"Fort Dodge, IA: Fort Dodge Regional",627.0,163.0,61.11,3.94,22.73,75.26,14.0,3.0,12184.0,4982.0,522.0,1106.0,5574.0,427.2
127,FSD,"Sioux Falls, SD: Joe Foss Field",8073.0,1689.0,635.81,133.49,394.21999999999997,521.41,75.0,15.0,119210.0,43373.0,15006.0,18835.0,41745.0,420.24
128,FSM,"Fort Smith, AR: Fort Smith Regional",1184.0,237.0,81.6,21.200000000000003,38.41,95.69,26.0,7.0,14189.0,4571.0,1822.0,1562.0,6231.0,679.13
129,FWA,"Fort Wayne, IN: Fort Wayne International",6684.0,1454.0,589.13,141.38,354.32,365.14,75.0,12.0,123754.0,51527.0,16455.0,17675.0,37955.0,421.76
130,GCC,"Gillette, WY: Northeast Wyoming Regional",732.0,108.0,51.39,12.29,14.91,29.4,11.0,0.0,8209.0,2429.0,2376.0,1385.0,2019.0,653.76
131,GCK,"Garden City, KS: Garden City Regional",730.0,167.0,55.38,12.24,30.07,69.31,16.0,5.0,13130.0,3967.0,858.0,2042.0,6263.0,593.41
132,GEG,"Spokane, WA: Spokane International",21023.0,4047.0,1654.78,179.13,734.86,1469.83,124.0,21.0,229713.0,96783.0,14629.0,26292.0,91662.0,427.07
133,GFK,"Grand Forks, ND: Grand Forks International",1283.0,214.0,131.38,28.61,44.64,9.16,5.0,4.0,15233.0,9733.0,2830.0,2109.0,557.0,523.67
134,GGG,"Longview, TX: East Texas Regional",729.0,151.0,60.480000000000004,25.54,24.64,40.33,17.0,3.0,11355.0,4644.0,2823.0,1268.0,2620.0,547.9
135,GJT,"Grand Junction, CO: Grand Junction Regional",4147.0,693.0,277.75,49.59,141.7,222.99,35.0,12.0,48085.0,18022.0,7751.0,6277.0,16001.0,521.4
136,GNV,"Gainesville, FL: Gainesville Regional",4110.0,655.0,215.41,38.31,171.8,227.13,69.0,9.0,39661.0,12414.0,3655.0,7119.0,16384.0,551.1
137,GPT,"Gulfport/Biloxi, MS: Gulfport-Biloxi International",4225.0,762.0,268.78,55.410000000000004,183.07,250.42,81.0,19.0,53097.0,17392.0,7363.0,7546.0,20657.0,467.88
138,GRB,"Green Bay, WI: Green Bay Austin Straubel International",5289.0,1224.0,576.22,130.54,214.03,301.74,64.0,14.0,96603.0,48091.0,13084.0,11038.0,24356.0,552.43
139,GRI,"Grand Island, NE: Central Nebraska Regional",954.0,170.0,82.33,26.689999999999998,28.599999999999998,32.39,22.0,9.0,12348.0,4878.0,3890.0,1456.0,2124.0,371.25
140,GRK,"Killeen, TX: Robert Gray AAF",1797.0,415.0,140.75,42.09,69.02,163.18,37.0,2.0,27858.0,9804.0,4898.0,3029.0,10127.0,576.2
141,GRR,"Grand Rapids, MI: Gerald R. Ford International",19760.0,4226.0,1583.3600000000001,196.62,850.91,1588.86,276.0,26.0,298133.0,107359.0,24559.0,37973.0,127996.0,408.04
142,GSO,"Greensboro/High Point, NC: Piedmont Triad International",13879.0,2585.0,828.56,117.61,599.63,1034.1,218.0,21.0,171227.0,50908.0,10944.0,27157.0,81905.0,471.5
143,GSP,"Greer, SC: Greenville-Spartanburg International",17340.0,3458.0,1164.11,141.91,796.36,1347.69,239.0,33.0,238297.0,77540.0,16932.0,35681.0,107797.0,462.97
144,GST,"Gustavus, AK: Gustavus Airport",90.0,11.0,3.79,1.0,2.46,3.7399999999999998,6.0,0.0,749.0,283.0,29.0,117.0,320.0,240.72
145,GTF,"Great Falls, MT: Great Falls International",2779.0,362.0,171.49,37.44,60.89,92.22,13.0,7.0,28283.0,11418.0,7773.0,2724.0,6368.0,482.63
146,GTR,"Columbus, MS: Golden Triangle Regional",732.0,85.0,28.55,4.38,16.720000000000002,35.35,8.0,1.0,6238.0,1703.0,1068.0,616.0,2851.0,668.6
147,GUC,"Gunnison, CO: Gunnison-Crested Butte Regional",968.0,169.0,65.35,22.95,34.85,44.85,14.0,7.0,14738.0,4258.0,3513.0,2372.0,4506.0,642.22
148,GUM,"Guam, TT: Guam International",732.0,86.0,38.62,2.0,13.6,31.78,6.0,0.0,5151.0,1672.0,1011.0,473.0,1995.0,1636.7
149,HDN,"Hayden, CO: Yampa Valley",2559.0,509.0,186.70000000000002,35.3,131.57999999999998,155.47,23.0,24.0,28606.0,9049.0,3141.0,5698.0,10718.0,459.5
150,HGR,"Hagerstown, MD: Hagerstown Regional-Richard A. Henson Field",295.0,88.0,32.47,10.02,14.08,31.43,8.0,2.0,6135.0,2945.0,509.0,669.0,2012.0,116.81
151,HHH,"Hilton Head, SC: Hilton Head Airport",1874.0,354.0,111.26,22.32,126.25999999999999,92.62,27.0,16.0,21629.0,8333.0,2449.0,5153.0,5618.0,425.25
152,HIB,"Hibbing, MN: Range Regional",629.0,114.0,83.94,15.61,14.450000000000001,0.0,6.0,3.0,8787.0,6791.0,1052.0,944.0,0.0,660.57
153,HLN,"Helena, MT: Helena Regional",1937.0,227.0,100.9,26.63,35.75,63.730000000000004,14.0,5.0,17689.0,7492.0,2883.0,1523.0,5791.0,585.19
154,HNL,"Honolulu, HI: Daniel K Inouye International",61558.0,9610.0,4085.32,290.7,1907.71,3287.9500000000003,582.0,237.0,510644.0,243726.0,16043.0,67366.0,182052.0,369.74
155,HOB,"Hobbs, NM: Lea County Regional",733.0,189.0,77.69,14.38,49.49,47.49,19.0,4.0,23033.0,8574.0,3289.0,3284.0,7886.0,476.09
156,HOU,"Houston, TX: William P Hobby",57061.0,11683.0,3271.23,222.97,3033.38,5099.34,713.0,274.0,674021.0,176227.0,23387.0,153727.0,318308.0,350.1
157,HPN,"White Plains, NY: Westchester County",12332.0,2838.0,1089.51,143.47,647.32,946.05,195.0,85.0,228109.0,92769.0,14746.0,33752.0,86120.0,350.97
158,HRL,"Harlingen/San Benito, TX: Valley International",5760.0,1013.0,338.6,41.9,154.33,478.09,85.0,21.0,61463.0,18436.0,4397.0,6209.0,32420.0,338.59
159,HSV,"Huntsville, AL: Huntsville International-Carl T Jones Field",12428.0,2349.0,889.72,121.85,491.49,840.01,175.0,16.0,163654.0,58905.0,13456.0,22471.0,68629.0,538.24
160,HTS,"Ashland, WV: Tri-State/Milton J. Ferguson Field",1304.0,244.0,66.76,23.64,62.97,90.66,18.0,7.0,16819.0,5208.0,2152.0,2612.0,6847.0,260.9
161,HYA,"Hyannis, MA: Cape Cod Gateway",269.0,49.0,20.17,0.22,10.29,18.33,8.0,2.0,4198.0,1950.0,34.0,551.0,1663.0,305.27
162,HYS,"Hays, KS: Hays Regional",671.0,134.0,60.620000000000005,13.75,15.32,43.31,11.0,4.0,15543.0,9351.0,1081.0,779.0,3681.0,475.97
163,IAD,"Washington, DC: Washington Dulles International",81312.0,12701.0,4347.18,478.66,3437.29,4432.53,981.0,153.0,1014732.0,355112.0,60229.0,156438.0,442743.0,490.14
164,IAG,"Niagara Falls, NY: Niagara Falls International",383.0,59.0,21.49,11.2,16.17,9.22,8.0,2.0,4493.0,1576.0,1046.0,784.0,1003.0,168.63
165,IAH,"Houston, TX: George Bush Intercontinental/Houston",168019.0,31870.0,9724.0,1295.17,10654.7,10154.59,3741.0,724.0,2702888.0,849407.0,199097.0,587520.0,1065011.0,406.23
166,ICT,"Wichita, KS: Wichita Dwight D Eisenhower National",11820.0,2723.0,1026.48,146.04,593.29,949.78,131.0,27.0,191370.0,75166.0,14582.0,25832.0,75420.0,436.63
167,IDA,"Idaho Falls, ID: Idaho Falls Regional",4201.0,652.0,320.37,53.23,102.24,174.71,29.0,13.0,48802.0,23598.0,7356.0,4427.0,13374.0,482.25
168,ILM,"Wilmington, NC: Wilmington International",9487.0,1853.0,556.81,77.25,443.99,768.52,160.0,21.0,127834.0,37530.0,9220.0,18932.0,61848.0,487.79
169,IMT,"Iron Mountain/Kingsfd, MI: Ford",728.0,131.0,99.58,18.57,12.86,0.0,7.0,7.0,15156.0,11535.0,2379.0,1242.0,0.0,623.38
170,IND,"Indianapolis, IN: Indianapolis International",48382.0,9868.0,3411.48,294.05,2061.53,4075.18,636.0,48.0,655609.0,223252.0,31079.0,94316.0,305906.0,385.38
171,INL,"International Falls, MN: Falls International Einarson Field",653.0,120.0,82.1,27.04,10.88,0.0,7.0,1.0,10916.0,8615.0,1622.0,679.0,0.0,666.32
172,ISP,"Islip, NY: Long Island MacArthur",4778.0,1123.0,406.59000000000003,19.07,162.94,532.58,75.0,13.0,71746.0,22481.0,1600.0,8472.0,39147.0,271.6
173,ITH,"Ithaca/Cortland, NY: Ithaca Tompkins International",1448.0,272.0,69.85,5.289999999999999,70.15,126.71000000000001,56.0,5.0,22460.0,6203.0,1060.0,4690.0,10507.0,498.84
174,ITO,"Hilo, HI: Hilo International",6758.0,893.0,404.33,18.130000000000003,26.259999999999998,440.97,60.0,3.0,34063.0,14479.0,625.0,693.0,18178.0,214.43
175,JAC,"Jackson, WY: Jackson Hole",5626.0,1106.0,459.65,69.53999999999999,207.55,366.74,64.0,74.0,89487.0,30887.0,15117.0,9014.0,34408.0,585.31
176,JAN,"Jackson/Vicksburg, MS: Jackson Medgar Wiley Evers International",8919.0,1701.0,609.16,96.22,395.91,596.89,106.0,23.0,112854.0,38006.0,11867.0,15802.0,47128.0,496.64
177,JAX,"Jacksonville, FL: Jacksonville International",30657.0,7021.0,2583.59,196.28,1573.4,2653.13,458.0,41.0,475138.0,170835.0,23282.0,71203.0,209118.0,404.13
178,JFK,"New York, NY: John F. Kennedy International",123334.0,25579.0,8205.85,771.25,8601.74,7954.9400000000005,2357.0,389.0,2140887.0,802791.0,94507.0,496960.0,744172.0,427.07
179,JLN,"Joplin, MO: Joplin Regional",627.0,123.0,53.07,4.0,10.65,54.27,16.0,6.0,15091.0,6066.0,338.0,646.0,8024.0,477.35
180,JMS,"Jamestown, ND: Jamestown Regional",615.0,75.0,29.76,9.23,11.6,24.39,27.0,10.0,6256.0,1493.0,1186.0,654.0,2923.0,499.19
181,JNU,"Juneau, AK: Juneau International",4738.0,883.0,276.35,27.65,231.87,337.03,69.0,30.0,44005.0,15862.0,3356.0,7381.0,17163.0,472.62
182,JST,"Johnstown, PA: John Murtha Johnstown-Cambria County",731.0,177.0,76.73,16.79,23.09,60.370000000000005,20.0,6.0,22502.0,9422.0,4823.0,1424.0,6833.0,512.98
183,KOA,"Kona, HI: Ellison Onizuka Kona International at Keahole",16328.0,2390.0,1062.53,36.98,420.92,861.73,138.0,95.0,114607.0,55281.0,1564.0,15862.0,41640.0,281.52
184,KTN,"Ketchikan, AK: Ketchikan International",2515.0,406.0,146.34,12.620000000000001,94.56,152.48,36.0,13.0,20385.0,8399.0,1111.0,2925.0,7950.0,498.14
185,LAN,"Lansing, MI: Capital Region International",2203.0,515.0,256.57,51.52,77.48,129.05,24.0,0.0,43136.0,21885.0,6037.0,4620.0,10586.0,441.87
186,LAR,"Laramie, WY: Laramie Regional",627.0,105.0,52.660000000000004,8.73,18.75,24.85,21.0,5.0,6551.0,2806.0,1007.0,1017.0,1721.0,506.81
187,LAS,"Las Vegas, NV: Harry Reid International",190775.0,42105.0,10780.06,1002.21,13502.77,16698.78,1813.0,166.0,2707312.0,739078.0,100055.0,698683.0,1163851.0,285.46
188,LAW,"Lawton/Fort Sill, OK: Lawton-Fort Sill Regional",1086.0,168.0,79.56,28.73,21.48,37.21,29.0,5.0,12271.0,5598.0,3354.0,1351.0,1937.0,545.73
189,LAX,"Los Angeles, CA: Los Angeles International",196159.0,37409.0,13980.84,1380.21,9603.74,12294.87,1713.0,249.0,2564103.0,1047429.0,152655.0,398878.0,956514.0,407.41
190,LBB,"Lubbock, TX: Lubbock Preston Smith International",7306.0,1503.0,521.59,72.57,252.51,650.8,107.0,22.0,107967.0,41401.0,7626.0,11834.0,46805.0,448.1
191,LBE,"Latrobe, PA: Arnold Palmer Regional",576.0,77.0,29.98,1.77,23.32,21.94,13.0,1.0,4020.0,1647.0,61.0,873.0,1439.0,139.7
192,LBF,"North Platte, NE: North Platte Regional Airport Lee Bird Field",627.0,109.0,57.85,7.8,15.84,27.5,9.0,1.0,7338.0,3245.0,460.0,738.0,2895.0,506.21
193,LBL,"Liberal, KS: Liberal Mid-America Regional",566.0,106.0,51.16,5.11,11.11,38.62,12.0,10.0,7220.0,3612.0,780.0,609.0,2219.0,445.1
194,LCH,"Lake Charles, LA: Lake Charles Regional",1934.0,327.0,162.89,37.05,52.21,74.9,52.0,3.0,25461.0,11721.0,5442.0,2611.0,5687.0,503.09
195,LCK,"Columbus, OH: Rickenbacker International",958.0,203.0,69.85,26.43,40.13,66.6,23.0,5.0,14919.0,6455.0,1891.0,2319.0,4254.0,137.59
196,LEX,"Lexington, KY: Blue Grass",10132.0,2073.0,814.74,120.53,445.36,689.47,130.0,30.0,151217.0,60425.0,15568.0,20400.0,54708.0,451.7
197,LFT,"Lafayette, LA: Lafayette Regional Paul Fournet Field",4818.0,917.0,365.26,81.11,164.46,303.19,115.0,11.0,78940.0,29658.0,10676.0,7841.0,30575.0,586.8
198,LGA,"New York, NY: LaGuardia",163013.0,30788.0,8895.89,1253.92,11192.01,9376.64,3776.0,705.0,2402885.0,728863.0,150653.0,719315.0,800041.0,331.91
199,LGB,"Long Beach, CA: Long Beach Airport",17652.0,2748.0,898.96,53.21,414.13,1374.04,90.0,29.0,131288.0,43159.0,4172.0,17963.0,65681.0,329.02
200,LIH,"Lihue, HI: Lihue Airport",15957.0,2068.0,924.1,47.379999999999995,316.44,770.47,127.0,90.0,91283.0,39788.0,1597.0,10824.0,38719.0,266.94
201,LIT,"Little Rock, AR: Bill and Hillary Clinton Nat Adams Field",14788.0,3234.0,1132.87,156.56,763.6800000000001,1177.98,180.0,25.0,221202.0,74681.0,15502.0,32965.0,97936.0,453.62
202,LNK,"Lincoln, NE: Lincoln Airport",2611.0,581.0,273.77,32.3,110.96000000000001,164.0,52.0,6.0,49925.0,21292.0,4838.0,5645.0,18150.0,559.33
203,LRD,"Laredo, TX: Laredo International",3003.0,532.0,194.57,34.839999999999996,137.87,164.69,49.0,0.0,35958.0,12751.0,4265.0,5633.0,13309.0,409.98
204,LSE,"La Crosse, WI: La Crosse Regional",932.0,215.0,53.36,16.49,62.74,82.45,16.0,1.0,16383.0,3081.0,2951.0,2490.0,7861.0,643.32
205,LWS,"Lewiston, ID: Lewiston Nez Perce County",1098.0,140.0,91.19,15.93,21.34,10.01,4.0,5.0,12140.0,7463.0,1794.0,955.0,1836.0,519.1
206,LYH,"Lynchburg, VA: Lynchburg Regional/Preston Glenn Field",1917.0,247.0,54.05,30.47,58.16,103.45,17.0,9.0,18831.0,3146.0,5121.0,1927.0,8575.0,564.42
207,MAF,"Midland/Odessa, TX: Midland International Air and Space Port",11127.0,2127.0,784.1,123.57000000000001,428.02,785.07,168.0,23.0,140537.0,50640.0,12250.0,19201.0,58134.0,419.89
208,MBS,"Saginaw/Bay City/Midland, MI: MBS International",2210.0,502.0,291.13,47.25,69.2,94.39,27.0,1.0,40896.0,23195.0,5837.0,4056.0,7808.0,575.67
209,MCI,"Kansas City, MO: Kansas City International",52065.0,10615.0,3781.44,282.45,2039.04,4485.47,551.0,106.0,650748.0,229561.0,29120.0,87786.0,303077.0,401.47
210,MCO,"Orlando, FL: Orlando International",159578.0,37060.0,10689.41,794.65,11548.92,13928.47,3073.0,469.0,2807263.0,838829.0,91052.0,707773.0,1164284.0,275.79
211,MCW,"Mason City, IA: Mason City Municipal",627.0,135.0,47.3,6.4399999999999995,15.44,65.81,15.0,11.0,14209.0,4765.0,768.0,895.0,7781.0,426.16
212,MDT,"Harrisburg, PA: Harrisburg International",9287.0,1841.0,628.45,112.46000000000001,384.85,712.26,82.0,24.0,139613.0,44338.0,12024.0,16708.0,66416.0,454.0
213,MDW,"Chicago, IL: Chicago Midway International",79631.0,14793.0,4538.27,307.98,2681.49,7212.51,953.0,271.0,868428.0,255775.0,31412.0,127171.0,452179.0,306.96
214,MEI,"Meridian, MS: Key Field",627.0,136.0,63.73,6.49,9.82,55.980000000000004,21.0,3.0,17622.0,10373.0,754.0,489.0,6006.0,521.52
215,MEM,"Memphis, TN: Memphis International",24419.0,5347.0,1855.77,173.93,1103.24,2199.08,329.0,31.0,351668.0,115884.0,19840.0,49014.0,166237.0,411.66
216,MFE,"Mission/McAllen/Edinburg, TX: McAllen International",6302.0,1486.0,592.4,116.11,202.99,572.02,111.0,15.0,119834.0,50316.0,10137.0,8591.0,50662.0,397.41
217,MFR,"Medford, OR: Rogue Valley International - Medford",6491.0,1051.0,447.38,80.15,265.34,254.09,63.0,22.0,61223.0,26655.0,7785.0,11590.0,15062.0,447.42
218,MGM,"Montgomery, AL: Montgomery Regional",3357.0,606.0,221.71,65.57,118.9,197.81,35.0,8.0,46221.0,16877.0,8148.0,5635.0,15489.0,541.16
219,MGW,"Morgantown, WV: Morgantown Municipal Walter L Bill Hart Field",38.0,11.0,4.0,3.31,0.69,3.0,1.0,1.0,2168.0,262.0,1160.0,54.0,692.0,508.94
220,MHK,"Manhattan/Ft. Riley, KS: Manhattan Regional",1650.0,306.0,71.74,22.98,60.269999999999996,150.03,28.0,12.0,21427.0,3835.0,3699.0,2897.0,10978.0,561.36
221,MHT,"Manchester, NH: Manchester Boston Regional",7274.0,1440.0,491.07,45.75,265.79,635.56,86.0,8.0,92258.0,28884.0,5436.0,11181.0,46604.0,414.72
222,MIA,"Miami, FL: Miami International",109923.0,25210.0,7511.93,756.03,8328.58,8515.64,1907.0,338.0,2079678.0,702251.0,94735.0,450131.0,827366.0,340.57
223,MKE,"Milwaukee, WI: General Mitchell International",30884.0,6730.0,2713.46,269.98,1252.92,2483.33,412.0,63.0,470296.0,188619.0,30965.0,61642.0,188072.0,394.91
224,MLB,"Melbourne, FL: Melbourne Orlando International",2813.0,458.0,171.5,23.05,107.99,152.44,44.0,6.0,30131.0,11638.0,2064.0,6020.0,10275.0,485.43
225,MLI,"Moline, IL: Quad Cities International",5324.0,1203.0,422.94,92.0,262.84,424.07,90.0,15.0,90923.0,29622.0,12120.0,12517.0,36631.0,433.31
226,MLU,"Monroe, LA: Monroe Regional",2024.0,343.0,142.95,25.95,64.12,108.51,26.0,12.0,22033.0,9016.0,2148.0,2600.0,8234.0,601.06
227,MOB,"Mobile, AL: Mobile Regional",5343.0,965.0,350.81,60.09,239.22,314.65,83.0,20.0,70247.0,23204.0,7844.0,9458.0,29731.0,528.27
228,MOT,"Minot, ND: Minot International",2375.0,381.0,189.68,76.57,66.27,47.49,37.0,11.0,34022.0,15560.0,8930.0,3978.0,5529.0,465.87
229,MQT,"Marquette, MI: Marquette Sawyer Regional",917.0,210.0,66.68,20.25,42.04,81.02,12.0,3.0,20709.0,3758.0,5998.0,1947.0,9006.0,609.06
230,MRY,"Monterey, CA: Monterey Regional",4824.0,926.0,338.17,32.93,225.54,329.41,30.0,46.0,59425.0,20841.0,3843.0,10317.0,24424.0,476.01
231,MSN,"Madison, WI: Dane County Regional-Truax Field",13157.0,3070.0,1115.47,146.07,642.44,1163.1299999999999,166.0,22.0,225004.0,80602.0,16124.0,29508.0,98651.0,499.58
232,MSO,"Missoula, MT: Missoula Montana",5405.0,981.0,365.47,49.67,258.21,306.68,50.0,22.0,58903.0,22332.0,6984.0,9853.0,19719.0,484.34
233,MSP,"Minneapolis, MN: Minneapolis-St Paul International",128208.0,22870.0,8461.53,1577.55,6084.35,6711.67,1158.0,179.0,1753417.0,805055.0,165829.0,276299.0,504576.0,392.71
234,MSY,"New Orleans, LA: Louis Armstrong New Orleans International",50575.0,11389.0,3881.34,312.88,2613.48,4537.51,659.0,132.0,716809.0,238071.0,38317.0,119108.0,319341.0,333.69
235,MTJ,"Montrose/Delta, CO: Montrose Regional",2870.0,588.0,221.32,19.93,142.24,202.43,21.0,3.0,36568.0,12382.0,1631.0,5949.0,16453.0,443.16
236,MVY,"Martha's Vineyard, MA: Martha's Vineyard Airport",1075.0,196.0,72.15,2.98,51.92,68.95,37.0,4.0,14353.0,5073.0,235.0,2508.0,6537.0,330.41
237,MYR,"Myrtle Beach, SC: Myrtle Beach International",16624.0,3251.0,1060.73,120.87,883.95,1172.79,277.0,20.0,220169.0,71002.0,12942.0,44683.0,91028.0,281.65
238,OAJ,"Jacksonville/Camp Lejeune, NC: Albert J Ellis",2777.0,421.0,130.52,53.16,82.23,154.67,28.0,10.0,30699.0,8875.0,4986.0,2928.0,13902.0,518.81
239,OAK,"Oakland, CA: Metro Oakland International",42368.0,7660.0,2343.15,66.9,1188.44,4037.06,293.0,27.0,393744.0,120394.0,5858.0,47786.0,218746.0,319.09
240,OGG,"Kahului, HI: Kahului Airport",26542.0,3237.0,1660.11,61.49,478.33,1026.5,238.0,122.0,162143.0,87110.0,3714.0,15840.0,55210.0,283.32
241,OKC,"Oklahoma City, OK: Will Rogers World",24587.0,5194.0,2044.0,251.57,900.16,1991.16,273.0,38.0,339051.0,129209.0,27419.0,40936.0,141266.0,442.33
242,OMA,"Omaha, NE: Eppley Airfield",24263.0,5221.0,2082.64,213.73,958.34,1956.25,278.0,66.0,334694.0,128761.0,23125.0,42801.0,139598.0,423.3
243,OME,"Nome, AK: Nome Airport",725.0,119.0,42.26,13.27,28.02,35.43,21.0,3.0,6296.0,2731.0,775.0,826.0,1964.0,558.65
244,ONT,"Ontario, CA: Ontario International",26714.0,5276.0,1945.04,128.67,684.31,2508.2200000000003,213.0,18.0,307985.0,108895.0,11735.0,26445.0,160366.0,374.08
245,ORD,"Chicago, IL: Chicago O'Hare International",318122.0,65018.0,18987.58,2628.98,21296.29,21991.64,4496.0,913.0,5408569.0,1755185.0,373035.0,1088047.0,2186217.0,376.15
246,ORF,"Norfolk, VA: Norfolk International",22932.0,5010.0,1817.1,182.6,1215.68,1776.57,378.0,66.0,342607.0,122807.0,25001.0,58817.0,135111.0,415.07
247,ORH,"Worcester, MA: Worcester Regional",1405.0,247.0,102.77,5.01,60.44,78.06,35.0,7.0,17081.0,7305.0,1675.0,2685.0,5394.0,292.54
248,OTH,"North Bend/Coos Bay, OR: Southwest Oregon Regional",346.0,78.0,29.83,6.96,17.04,24.17,4.0,7.0,4692.0,1301.0,497.0,661.0,2233.0,529.41
249,OTZ,"Kotzebue, AK: Ralph Wien Memorial",724.0,104.0,34.29,14.7,18.26,36.74,37.0,5.0,6189.0,2305.0,1369.0,545.0,1970.0,524.71
250,PAE,"Everett, WA: Snohomish County",2985.0,706.0,95.31,8.52,201.32999999999998,399.85,60.0,11.0,37761.0,6233.0,513.0,6648.0,24348.0,385.33
251,PBG,"Plattsburgh, NY: Plattsburgh International",500.0,102.0,31.28,8.23,50.32,12.19,17.0,2.0,6061.0,2805.0,497.0,1917.0,841.0,195.35
252,PBI,"West Palm Beach/Palm Beach, FL: Palm Beach International",29544.0,7305.0,2424.77,156.89000000000001,2489.55,2225.54,506.0,83.0,525291.0,176103.0,19218.0,139480.0,189899.0,349.33
253,PDX,"Portland, OR: Portland International",72025.0,13531.0,4432.82,376.74,3189.12,5492.88,796.0,75.0,774895.0,271793.0,34088.0,120508.0,346766.0,393.33
254,PGD,"Punta Gorda, FL: Punta Gorda Airport",6339.0,1577.0,339.98,82.64,575.8299999999999,575.18,120.0,27.0,152209.0,46367.0,13781.0,40675.0,51209.0,144.49
255,PGV,"Greenville, NC: Pitt Greenville",1015.0,151.0,26.79,18.4,42.81,62.989999999999995,5.0,5.0,10827.0,1730.0,2146.0,1436.0,5515.0,507.41
256,PHF,"Newport News/Williamsburg, VA: Newport News/Williamsburg International",1640.0,233.0,46.21,26.17,48.870000000000005,110.69,10.0,3.0,17744.0,3003.0,2433.0,1803.0,10459.0,550.19
257,PHL,"Philadelphia, PA: Philadelphia International",122401.0,26454.0,7414.6,866.2,7345.9,10751.96,1892.0,228.0,2220632.0,718309.0,95914.0,334407.0,1068770.0,394.54
258,PHX,"Phoenix, AZ: Phoenix Sky Harbor International",195141.0,36587.0,12277.04,930.62,7521.02,15755.14,1325.0,217.0,2686363.0,1045624.0,108750.0,287190.0,1238827.0,370.82
259,PIA,"Peoria, IL: General Downing - Peoria International",4673.0,993.0,296.64,74.74,239.43,381.75,84.0,12.0,74800.0,20931.0,10106.0,10657.0,33091.0,355.23
260,PIB,"Hattiesburg/Laurel, MS: Hattiesburg-Laurel Regional",627.0,124.0,57.25,10.91,22.21,33.63,14.0,2.0,10205.0,4304.0,1090.0,1407.0,3404.0,546.33
261,PIE,"St. Petersburg, FL: St Pete Clearwater International",8304.0,1964.0,413.81,163.02,554.28,825.0999999999999,227.0,23.0,200248.0,62187.0,22454.0,43662.0,71681.0,129.18
262,PIH,"Pocatello, ID: Pocatello Regional",700.0,54.0,40.7,11.15,2.17,0.0,0.0,0.0,6651.0,5552.0,977.0,122.0,0.0,780.07
263,PIT,"Pittsburgh, PA: Pittsburgh International",45438.0,9286.0,3177.8,286.09,1966.31,3818.5,674.0,48.0,627660.0,212625.0,32152.0,93028.0,288335.0,367.09
264,PLN,"Pellston, MI: Pellston Regional Airport of Emmet County",845.0,174.0,136.42000000000002,28.45,9.13,0.0,14.0,5.0,15536.0,10953.0,3839.0,744.0,0.0,732.45
265,PNS,"Pensacola, FL: Pensacola International",14400.0,3226.0,1052.18,127.84,792.41,1243.3,173.0,34.0,218896.0,66994.0,15487.0,34612.0,101194.0,411.93
266,PPG,"Pago Pago, TT: Pago Pago International",125.0,18.0,14.89,1.21,0.0,1.0,0.0,0.0,1419.0,1261.0,110.0,0.0,22.0,1282.8
267,PQI,"Presque Isle/Houlton, ME: Presque Isle International",563.0,118.0,42.25,7.63,23.68,44.44,26.0,5.0,12526.0,3455.0,3313.0,1124.0,4634.0,426.83
268,PRC,"Prescott, AZ: Prescott Regional Ernest A Love Field",731.0,153.0,58.39,13.4,20.189999999999998,61.03,5.0,2.0,22489.0,6876.0,1975.0,867.0,12771.0,625.42
269,PSC,"Pasco/Kennewick/Richland, WA: Tri Cities",6228.0,1046.0,489.44,99.8,208.68,234.91,33.0,14.0,57575.0,27546.0,9279.0,7890.0,12308.0,492.7
270,PSE,"Ponce, PR: Mercedita",947.0,268.0,125.17,8.89,39.79,93.91,17.0,4.0,18693.0,7801.0,935.0,2330.0,7598.0,198.55
271,PSG,"Petersburg, AK: Petersburg James A Johnson",726.0,120.0,28.54,7.34,22.22,61.93,4.0,8.0,6302.0,1454.0,578.0,986.0,3284.0,489.85
272,PSM,"Portsmouth, NH: Portsmouth International at Pease",372.0,45.0,17.74,7.63,11.78,6.87,7.0,2.0,3592.0,1305.0,777.0,888.0,607.0,201.51
273,PSP,"Palm Springs, CA: Palm Springs International",14082.0,2688.0,925.56,78.81,627.27,1048.85,127.0,47.0,150810.0,52270.0,6414.0,25911.0,65963.0,428.31
274,PUW,"Pullman, WA: Pullman Moscow Regional",1050.0,133.0,48.26,3.0,35.01,46.01,20.0,3.0,5334.0,2187.0,144.0,932.0,2053.0,478.2
275,PVD,"Providence, RI: Rhode Island Tf Green International",16811.0,3576.0,1360.76,106.55,635.82,1462.13,206.0,26.0,254381.0,93041.0,14554.0,29409.0,117036.0,342.14
276,PVU,"Provo, UT: Provo Municipal",2188.0,567.0,164.23000000000002,38.56,109.89,252.99,18.0,7.0,59188.0,24213.0,7769.0,5634.0,21498.0,141.5
277,PWM,"Portland, ME: Portland International Jetport",12687.0,2478.0,930.3,65.63,582.75,897.43,261.0,38.0,169931.0,64032.0,10197.0,26246.0,69393.0,418.28
278,RAP,"Rapid City, SD: Rapid City Regional",5341.0,966.0,379.99,75.3,222.56,287.8,54.0,26.0,68368.0,24375.0,11059.0,10443.0,22447.0,465.38
279,RDD,"Redding, CA: Redding Regional",1544.0,255.0,103.18,11.64,60.04,79.16,9.0,4.0,18791.0,8507.0,1717.0,2703.0,5787.0,461.87
280,RDM,"Bend/Redmond, OR: Roberts Field",7786.0,1310.0,492.61,73.05,311.23,425.66,155.0,43.0,87723.0,28426.0,15478.0,12807.0,30775.0,456.47
281,RDU,"Raleigh/Durham, NC: Raleigh-Durham International",62240.0,13670.0,4621.44,409.8,2837.15,5773.49,876.0,144.0,966100.0,328203.0,41030.0,131334.0,464259.0,364.02
282,RFD,"Rockford, IL: Chicago/Rockford International",840.0,121.0,55.230000000000004,14.15,34.26,16.310000000000002,11.0,4.0,10292.0,5478.0,1745.0,1901.0,1142.0,170.8
283,RHI,"Rhinelander, WI: Rhinelander/Oneida County",827.0,167.0,113.49000000000001,31.08,22.419999999999998,0.0,7.0,2.0,13764.0,10556.0,2096.0,1112.0,0.0,721.09
284,RIC,"Richmond, VA: Richmond International",23873.0,5168.0,1904.61,179.09,1067.72,1998.94,317.0,31.0,370580.0,131052.0,21318.0,48739.0,168740.0,407.1
285,RIW,"Riverton/Lander, WY: Central Wyoming Regional",622.0,94.0,46.949999999999996,8.0,13.15,25.91,10.0,3.0,9713.0,5069.0,1303.0,664.0,2677.0,594.08
286,RKS,"Rock Springs, WY: Southwest Wyoming Regional",623.0,94.0,34.21,11.4,16.68,31.73,7.0,2.0,11801.0,7110.0,1037.0,783.0,2871.0,573.51
287,RNO,"Reno, NV: Reno/Tahoe International",22137.0,4374.0,1614.48,138.06,704.1899999999999,1908.88,148.0,69.0,250642.0,91774.0,11076.0,29492.0,118010.0,388.44
288,ROA,"Roanoke, VA: Roanoke Blacksburg Regional",6975.0,1410.0,405.16,90.31,497.65999999999997,415.0,91.0,62.0,98694.0,26773.0,13674.0,19550.0,38623.0,519.68
289,ROC,"Rochester, NY: Frederick Douglass Grtr Rochester International",15354.0,3064.0,1132.91,106.54,634.56,1184.48,234.0,16.0,207036.0,74060.0,13908.0,28307.0,90440.0,386.48
290,ROW,"Roswell, NM: Roswell Air Center",963.0,182.0,93.77,20.52,28.93,37.96,27.0,8.0,15995.0,6689.0,4871.0,2369.0,2010.0,549.95
291,RST,"Rochester, MN: Rochester International",2186.0,487.0,190.03,62.32,98.83,134.84,34.0,0.0,45917.0,17441.0,9267.0,5264.0,13917.0,504.91
292,RSW,"Fort Myers, FL: Southwest Florida International",34878.0,7926.0,2418.16,175.01,2693.48,2621.3,771.0,120.0,538501.0,165711.0,17842.0,150677.0,203489.0,343.86
293,SAF,"Santa Fe, NM: Santa Fe Municipal",3367.0,679.0,347.65,71.06,100.83,159.45,43.0,18.0,50725.0,23576.0,10029.0,5614.0,11506.0,544.59
294,SAN,"San Diego, CA: San Diego International",95699.0,22840.0,6634.67,572.01,7489.58,8086.76,1141.0,363.0,1337498.0,391942.0,66111.0,342773.0,534078.0,373.79
295,SAT,"San Antonio, TX: San Antonio International",42474.0,9804.0,3337.13,237.66,2130.44,4073.14,464.0,74.0,625087.0,212754.0,24948.0,92208.0,294162.0,398.9
296,SAV,"Savannah, GA: Savannah/Hilton Head International",21074.0,4321.0,1506.27,138.18,990.77,1670.69,268.0,46.0,305186.0,106198.0,15668.0,41923.0,140576.0,399.56
297,SBA,"Santa Barbara, CA: Santa Barbara Municipal",7909.0,1445.0,495.9,67.31,245.66,632.44,97.0,82.0,108826.0,33796.0,18678.0,9978.0,46160.0,454.5
298,SBN,"South Bend, IN: South Bend International",6690.0,1558.0,790.14,164.76,295.12,306.85,98.0,13.0,125626.0,66269.0,17447.0,16159.0,25719.0,413.1
299,SBP,"San Luis Obispo, CA: San Luis County Regional",5516.0,1058.0,396.0,50.339999999999996,216.5,389.79,53.0,44.0,78297.0,25695.0,9578.0,9689.0,33189.0,530.2
300,SBY,"Salisbury, MD: Salisbury-Ocean City/Wicomico Regional",1831.0,264.0,61.54,27.55,53.42,120.52,4.0,7.0,18645.0,3743.0,3835.0,2020.0,9024.0,690.53
301,SCC,"Deadhorse, AK: Deadhorse Airport",570.0,65.0,23.72,9.06,13.05,19.18,17.0,3.0,4165.0,1348.0,1183.0,501.0,1133.0,531.62
302,SCE,"State College, PA: University Park",3084.0,535.0,185.25,33.03,136.51,180.23,42.0,14.0,42641.0,11970.0,6819.0,6706.0,17146.0,634.61
303,SCK,"Stockton, CA: Stockton Metro",515.0,112.0,23.18,4.52,32.34,49.980000000000004,1.0,3.0,7961.0,1324.0,1294.0,1345.0,3815.0,127.51
304,SDF,"Louisville, KY: Louisville Muhammad Ali International",26698.0,5454.0,2000.58,219.67000000000002,1280.18,1935.21,279.0,39.0,367525.0,131532.0,22576.0,54960.0,157635.0,389.45
305,SEA,"Seattle, WA: Seattle/Tacoma International",184912.0,35033.0,10055.52,1376.58,11148.91,12300.89,2244.0,271.0,2005189.0,705899.0,123549.0,404312.0,764727.0,396.6
306,SFB,"Sanford, FL: Orlando Sanford International",9501.0,2537.0,642.29,150.45,590.0600000000001,1149.23,175.0,19.0,238693.0,85089.0,17310.0,46802.0,89335.0,123.12
307,SFO,"San Francisco, CA: San Francisco International",136912.0,40386.0,9418.93,1045.53,20754.48,9117.01,1892.0,312.0,2675069.0,711274.0,113325.0,1102917.0,745289.0,452.89
308,SGF,"Springfield, MO: Springfield-Branson National",10657.0,2313.0,797.52,141.27,607.53,763.83,148.0,31.0,158123.0,55124.0,15681.0,26221.0,61006.0,456.23
309,SGU,"St. George, UT: St George Regional",3023.0,415.0,245.9,52.63,54.12,62.33,8.0,12.0,28218.0,15711.0,5420.0,2471.0,4616.0,582.51
310,SHR,"Sheridan, WY: Sheridan County",730.0,108.0,59.68,8.89,15.18,24.22,14.0,1.0,10369.0,5433.0,912.0,665.0,3359.0,685.84
311,SHV,"Shreveport, LA: Shreveport Regional",5953.0,1067.0,371.86,94.17,241.99,356.73,115.0,13.0,85000.0,26246.0,16387.0,10602.0,31634.0,516.94
312,SIT,"Sitka, AK: Sitka Rocky Gutierrez",1421.0,310.0,90.12,22.84,64.58,131.46,22.0,11.0,15386.0,4534.0,1348.0,2338.0,7082.0,462.11
313,SJC,"San Jose, CA: Norman Y. Mineta San Jose International",51225.0,9135.0,2832.25,190.81,1476.88,4610.05,326.0,20.0,489206.0,151928.0,13616.0,58501.0,264271.0,336.26
314,SJT,"San Angelo, TX: San Angelo Regional/Mathis Field",1089.0,210.0,86.71000000000001,18.33,33.3,71.64999999999999,20.0,5.0,11324.0,4213.0,1594.0,1334.0,4183.0,749.89
315,SJU,"San Juan, PR: Luis Munoz Marin International",35435.0,9251.0,3551.41,274.15,2626.06,2761.28,401.0,75.0,657968.0,264085.0,28278.0,129133.0,234804.0,277.9
316,SLC,"Salt Lake City, UT: Salt Lake City International",113486.0,17352.0,7002.81,963.39,3108.41,6247.44,716.0,131.0,1279869.0,585807.0,109079.0,129266.0,454170.0,434.26
317,SLN,"Salina, KS: Salina Regional",713.0,132.0,52.13,11.229999999999999,22.9,45.75,13.0,2.0,12650.0,4749.0,2170.0,869.0,4862.0,459.32
318,SMF,"Sacramento, CA: Sacramento International",56417.0,10916.0,3673.12,272.15999999999997,1819.18,5114.54,371.0,37.0,605392.0,207913.0,21734.0,71912.0,301956.0,387.84
319,SMX,"Santa Maria, CA: Santa Maria Public/Capt. G. Allan Hancock Field",106.0,25.0,4.79,2.19,10.26,7.76,0.0,1.0,1842.0,246.0,201.0,675.0,720.0,113.8
320,SNA,"Santa Ana, CA: John Wayne Airport-Orange County",44113.0,7636.0,2604.26,167.87,1620.2,3231.23,366.0,115.0,433228.0,156014.0,20097.0,64229.0,192407.0,430.95
321,SPI,"Springfield, IL: Abraham Lincoln Capital",765.0,160.0,44.03,6.76,33.28,75.23,14.0,1.0,10637.0,2950.0,788.0,1379.0,5474.0,238.17
322,SPN,"Saipan, TT: Francisco C. Ada Saipan International",366.0,10.0,9.39,0.0,0.61,0.0,2.0,0.0,541.0,520.0,0.0,21.0,0.0,612.12
323,SPS,"Wichita Falls, TX: Sheppard AFB/Wichita Falls Municipal",725.0,126.0,58.61,21.19,24.16,20.04,11.0,4.0,9630.0,3435.0,3158.0,1280.0,1645.0,534.47
324,SRQ,"Sarasota/Bradenton, FL: Sarasota/Bradenton International",16299.0,3398.0,1109.1,93.89999999999999,1035.25,1154.17,561.0,55.0,244213.0,80042.0,13382.0,60088.0,90505.0,334.8
325,STC,"St. Cloud, MN: St. Cloud Regional",150.0,9.0,3.6900000000000004,0.0,4.6,0.7100000000000001,2.0,3.0,457.0,239.0,0.0,196.0,22.0,211.22
326,STL,"St. Louis, MO: St Louis Lambert International",68408.0,12916.0,4321.56,302.11,2387.74,5862.54,681.0,114.0,795681.0,261030.0,31819.0,97218.0,404046.0,397.36
327,STS,"Santa Rosa, CA: Charles M. Schulz - Sonoma County",4350.0,895.0,269.16,34.58,264.36,324.27,22.0,23.0,46776.0,13860.0,2970.0,10765.0,19093.0,306.18
328,STT,"Charlotte Amalie, VI: Cyril E King",5537.0,1108.0,401.11,48.2,403.79,244.49,40.0,40.0,75878.0,27873.0,6826.0,17022.0,23754.0,373.06
329,STX,"Christiansted, VI: Henry E. Rohlsen",1196.0,306.0,93.42999999999999,16.18,99.12,96.69,12.0,1.0,20563.0,5398.0,1883.0,4968.0,8236.0,366.63
330,SUN,"Sun Valley/Hailey/Ketchum, ID: Friedman Memorial",2297.0,297.0,131.21,35.57,70.27,59.96,18.0,33.0,18285.0,7875.0,3449.0,3175.0,3786.0,643.84
331,SUX,"Sioux City, IA: Sioux Gateway Brig Gen Bud Day Field",730.0,171.0,86.6,9.39,23.75,51.25,19.0,5.0,18250.0,7805.0,2344.0,1249.0,6852.0,497.55
332,SWF,"Newburgh/Poughkeepsie, NY: New York Stewart International",425.0,70.0,22.42,13.6,15.43,18.56,7.0,0.0,6500.0,3106.0,1098.0,648.0,1648.0,163.54
333,SWO,"Stillwater, OK: Stillwater Regional",730.0,112.0,47.71,23.619999999999997,16.86,23.81,13.0,1.0,9890.0,3710.0,3676.0,864.0,1640.0,524.09
334,SYR,"Syracuse, NY: Syracuse Hancock International",16470.0,3386.0,1249.2,132.95,770.54,1228.65,247.0,17.0,234932.0,89139.0,15077.0,35555.0,94920.0,375.19
335,TLH,"Tallahassee, FL: Tallahassee International",6823.0,1236.0,385.38,63.2,331.6,453.42,109.0,19.0,74142.0,22581.0,5967.0,13692.0,31747.0,554.31
336,TOL,"Toledo, OH: Eugene F Kranz Toledo Express",375.0,64.0,24.810000000000002,6.59,16.81,14.04,4.0,2.0,4899.0,2431.0,491.0,1009.0,891.0,166.39
337,TPA,"Tampa, FL: Tampa International",78512.0,18310.0,5580.37,397.38,5260.34,7026.99,1892.0,258.0,1281745.0,399349.0,45695.0,297961.0,536954.0,330.3
338,TRI,"Bristol/Johnson City/Kingsport, TN: Tri Cities",4283.0,620.0,183.06,56.18,133.01,246.08,36.0,13.0,43126.0,11664.0,5188.0,5168.0,21046.0,604.02
339,TTN,"Trenton, NJ: Trenton Mercer",1804.0,400.0,112.06,8.83,81.2,197.89,45.0,19.0,29884.0,7777.0,1091.0,4392.0,16624.0,157.59
340,TUL,"Tulsa, OK: Tulsa International",19049.0,4002.0,1560.25,162.56,615.87,1657.78,208.0,31.0,270836.0,96530.0,18381.0,27925.0,127790.0,436.69
341,TUS,"Tucson, AZ: Tucson International",19585.0,3950.0,1613.58,191.56,661.67,1477.43,122.0,24.0,244470.0,100042.0,17351.0,27363.0,99459.0,447.17
342,TVC,"Traverse City, MI: Cherry Capital",5414.0,1132.0,413.68,89.48,273.94,351.39,61.0,10.0,83183.0,28003.0,10947.0,12543.0,31601.0,501.7
343,TWF,"Twin Falls, ID: Joslin Field - Magic Valley Regional",700.0,63.0,54.96,6.42,1.62,0.0,2.0,1.0,6081.0,4940.0,1043.0,98.0,0.0,758.8
344,TXK,"Texarkana, AR: Texarkana Regional-Webb Field",737.0,167.0,64.3,20.71,16.63,64.38,18.0,3.0,13139.0,4529.0,1642.0,1029.0,5908.0,570.15
345,TYR,"Tyler, TX: Tyler Pounds Regional",1090.0,200.0,101.64,32.67,24.24,41.45,26.0,1.0,17202.0,8360.0,4945.0,1585.0,2312.0,606.36
346,TYS,"Knoxville, TN: McGhee Tyson",19869.0,4194.0,1382.35,212.09,1018.04,1571.79,279.0,29.0,303230.0,103095.0,24919.0,42604.0,132177.0,426.22
347,USA,"Concord, NC: Concord Padgett Regional",704.0,181.0,48.05,19.78,45.03,67.59,15.0,4.0,14758.0,4207.0,2668.0,2713.0,5159.0,112.03
348,VCT,"Victoria, TX: Victoria Regional",635.0,105.0,48.52,10.98,8.14,37.35,14.0,1.0,15114.0,7918.0,2897.0,439.0,3860.0,525.58
349,VEL,"Vernal, UT: Vernal Regional",52.0,8.0,2.47,1.0,2.2,2.33,0.0,1.0,552.0,327.0,49.0,90.0,86.0,540.22
350,VLD,"Valdosta, GA: Valdosta Regional",781.0,119.0,56.42,11.93,20.98,29.65,16.0,5.0,10120.0,4914.0,1939.0,1183.0,2084.0,677.86
351,VPS,"Valparaiso, FL: Eglin AFB Destin Fort Walton Beach",9898.0,2021.0,676.1,93.11,382.2,861.75,109.0,39.0,147564.0,47282.0,10246.0,17956.0,71765.0,383.44
352,WRG,"Wrangell, AK: Wrangell Airport",726.0,121.0,12.89,5.609999999999999,17.07,85.46000000000001,9.0,8.0,5692.0,457.0,249.0,599.0,4387.0,528.71
353,WYS,"West Yellowstone, MT: Yellowstone",313.0,41.0,34.42,1.7,4.88,0.0,2.0,5.0,3186.0,2896.0,121.0,169.0,0.0,484.59
354,XNA,"Fayetteville, AR: Northwest Arkansas National",15286.0,2933.0,964.73,152.60999999999999,785.38,1023.86,155.0,43.0,193632.0,61096.0,16609.0,34020.0,81498.0,464.78
355,XWA,"Williston, ND: Williston Basin International",1973.0,362.0,200.27,48.51,54.239999999999995,58.08,26.0,16.0,30907.0,18079.0,5758.0,2566.0,4487.0,595.08
356,YAK,"Yakutat, AK: Yakutat Airport",726.0,130.0,12.15,6.609999999999999,30.65,80.02,8.0,12.0,6598.0,643.0,514.0,1073.0,4357.0,550.91
357,YKM,"Yakima, WA: Yakima Air Terminal/McAllister Field",727.0,97.0,23.88,5.85,26.77,38.62,13.0,0.0,3664.0,688.0,420.0,696.0,1827.0,575.41
358,YUM,"Yuma, AZ: Yuma MCAS/Yuma International",1722.0,236.0,122.04,9.37,29.43,74.13,4.0,1.0,18711.0,11169.0,1666.0,1372.0,4484.0,692.1
