,1980,1981,1982,1983,1984,1985,1986,1987,1988,1989,1990,1991,1992,1993,1994,1995,1996,1997,1998,1999,2000,2001,2002,2003,2004,2005,2006,2007,2008,2009,2010,2011,2012,2013,2014,2015,2016,2017,2018,2019
    World,2108.319132,2087.354564,2009.321661,2039.580094,2237.225167,2340.562488,2495.868486,3025.55058,3365.833429,3546.233885,3627.774806,3486.118685,3530.008429,3603.811233,3829.527069,3936.669893,4133.05851,4242.629269,4310.588518,4444.814023,4700.927137,4627.179652,4627.494773,4621.985428,4937.908602,5134.904506,5256.17848,5383.48393,5320.783678,5070.168605,5262.060748,5371.110662,5427.769723,5596.574895,5786.153614,6098.191929,6383.286346,6764.341233,7054.311572,7199.101928
        Afghanistan,1.441438261,1.647358013,1.606174062,2.265117268,2.265117268,2.676956771,2.8,3.3,3,3,3.1,2.9,2.2,2.2,2.1,2,1.8,1.7,1.7,1.7,1.473333333,1.412191781,1.08630137,1.042849315,1.343333333,1.412191781,1.412191781,1.455643836,1.56,2.020520548,0.695232877,1.303561644,1.105,1.108027397,1.118890411,1.442608,1.438666,1.459989041,6.5047726,1.15799726
        Albania,0,0,0,0,0,0,0,0,0,0,0,0,0,0.1,0.3,0.3,0.3,0,0,0,0.866666667,0.934219178,0.934219178,1.021123288,1.04,1.238383562,0.977671233,0.412794521,0.563333333,0.412794521,0.369342466,0.434520548,0.433333333,0.456246575,0.173808219,0.043452,0.152082,0.152082192,0.195534247,0.45624658
        Algeria,8.008423586,8.405535499,9.464500602,9.001203369,9.927797834,10.92057762,11,8.5,8.3,6.8,7,6.5,8.5,10,9.8,8.1,7.6,7.7,5.7,7.1,8.016666667,9.385643836,11.42789041,8.777315068,7.778333333,7.995178082,7.84309589,7.691013699,13.23833333,13.14424658,11,10,11,13,12,12,11,10.84128767,12.57936986,10.25468493
        American Samoa,0.7,0.825,1.15,0.725,0.825,0.775,0.8,0.8,0.8,0.6,0.6,0.6,0.6,0.5,0.5,0.5,0.5,0.5,0.5,0.5,0.563333333,0.564876712,0.543150685,0.543150685,0.541666667,0.564876712,0.56,0.56,0.56,0.56,0.56,0.1826,0.1826,0.1826,0.1826,0.1826,0.1826,0.1826,0.1826,0.1826
        Angola,2.773109244,2.773109244,2.911764706,3.050420168,2.634453782,3.466386555,3.3,3.2,3.3,3.4,3.4,3.4,3.5,3.5,3.5,3.4,3.5,4,4.6,6.3,9.728333333,10.55884932,9.081479452,10.08087671,12.74,8.907671233,6.148465753,6.908876712,9.425,8.820767123,12,11,8,9,10.27641096,9.711534247,7.169589041,7.386849315,6.84369863,6.45321674
        Antarctica,0,0,0,0,0,0,0,0,0,0,0,0,0,0,0,0,0,0,0,0,0,0,0,0,0,0,0,0,0,0,0,0,0,0,0,0,0,0,0,0
        Antigua and Barbuda,1.377022502,1.229484377,1.672098752,0.983587501,1.081946251,1.081946251,1.1,1.3,1.3,1.3,1.3,1.3,1.3,1.3,1.4,1.4,1.4,1.5,1.5,1.5,1.473333333,1.477369863,1.520821918,1.564273973,1.603333333,1.629452055,1.67290411,1.716356164,1.755,1.803260274,1.629452055,1.651178082,1.668333333,1.67290411,1.694630137,1.738082,1.755,1.629452055,1.04284932,1.04284932
        Argentina,15.59723153,15.09711989,14.62826524,14.90957803,14.47198035,12.97164546,14,16,14,13,14,13,13,16,20,21,31,26,33,31,38.43666667,28.15693151,23.42065753,23.22512329,25.19833333,25.76706849,24.61558904,26.33194521,27.12666667,28.46109589,29.50394521,29.19978082,29.66166667,30.67715068,32.56731507,30,32,33.56671233,29.85156164,29.48221918
        Armenia,,,,,,,--,--,--,--,--,--,3.5,1.4,1,0.7,1.4,0.4,0.5,0.5,1.321666667,1.260109589,1.108027397,0.564876712,0.823333333,0.955945205,0.847315068,1.216657534,1.213333333,0.630054795,0.934219178,0.955945205,1.021123288,0.99939726,0.912493151,1,1,1.173205479,1.3470137,1.49909589
        Aruba,,,,,,,0,0,0,0,0,0.8,1,1,1.2,1.2,0,1.3,1.3,1.3,1.43,1.477369863,1.542547945,1.586,1.581666667,1.629452055,1.629452055,1.67290411,1.684366667,1.722439452,1.67290411,1.586,1.755,1.777189041,1.798915068,1.842367,1.833,1.911890411,1.92927123,1.80326027
        Australia,38,37,29,32,37.669399,40.539726,42.947945,45.263014,50.355191,48.446575,53.89589,58.079452,61.019126,64.169863,69.676712,77.791781,82.47541,84.186301,83.273973,83.783562,90.579235,88.309589,76.89863,71.358904,78.248634,85.123288,99.783562,100.90137,105.871585,109.876712,120.717808,124.435616,129.672131,138.80274,139.389041,142.334247,151.030055,157.706849,162.545205,161.761644
        Austria,3,3,3,4,4.155738,4.986301,4.528767,4.876712,5.338798,6.50411,6.457534,7.252055,7.814208,8.331507,8.69863,9.649315,10.655738,11.117808,11.70411,11.331507,12.254098,11.936986,11.20274,10.619178,12.464481,14.09589,14.747945,15.635616,15.612022,13.654795,14.583562,15.241096,14.778689,14.158904,14.145205,15.169863,16.469945,15.967123,17.939726,20.528767
        Azerbaijan,,,,,,,--,--,--,--,--,--,11,12,9.1,11,11,13,15,11,2.491666667,4.584191781,2.368136986,4.84490411,4.658333333,9.233561644,10.36331507,9.885342466,10.725,7.908273973,10.58057534,11.49306849,10.58057534,11.8189589,11.27580822,10,9,10.64575342,10.21123288,13.3224
        Bahrain,8.239527021,8.239527021,8.239527021,7.724556583,8.239527021,8.239527021,8.3,1.2,7,7,7.6,7.5,7.4,2,2.2,2.5,3.2,3.6,5.3,7.2,7.67,8.212438356,8.972849315,10.03742466,11.09333333,11.86241096,12.97043836,12.97043836,14.73333333,14.62161644,13.92638356,13.12252055,12.56666667,10,9,10,10,10.10260274,11.27580822,11.53652055
        Bangladesh,4.930232558,5.084302326,5.238372093,4.622093023,4.776162791,4.930232558,5.3,1.7,1.7,1.7,1.8,1.8,1.1,1.8,2.8,2,2.2,2.2,1.3,2.8,2.578333333,4.25830137,4.410383562,4.975260274,4.918333333,5.518410959,5.170794521,4.910082192,6.001666667,5.518410959,6.235369863,7.299945205,6.76,6.908876712,7.017506849,7,8,8.581780822,8.87012866,9.34960036
        Barbados,1.83452381,1.916666667,1.944047619,2.053571429,1.971428571,2.19047619,2.3,1.8,2.3,2.3,2.3,2.3,2,1.5,2.4,1.9,3,3.1,3.1,3.4,4.355,4.23462,4.102091233,3.969779726,3.826983333,3.704939452,3.572627945,3.175476164,3.40925,2.903031781,2.742476438,3.071191233,2.475416667,2.780279726,2.741324959,2.741332,2.778511,2.881420098,2.77745534,2.75442575
        Belarus,,,,,,,--,--,--,--,--,--,26,10,9.6,9.8,15,5.4,11,15,9.966666667,14.33917808,12.60109589,13.14424658,21.66666667,17.01147945,16,16,18,18,18,18,18,2.455041096,2.867835616,3,3,3.215452055,3.519616438,4.36693151
        Belgium,8,11,9,8,9,10.358904,11.268493,10.731507,14.122951,15.624658,23.106849,22.090411,20.994536,20.032877,19.016438,21.2,24.251366,26.208219,29.405479,33.052055,33.180328,30.520548,25.482192,27.736986,26.978142,25.780822,26.841096,28.747945,30.920765,28.227397,29.778082,31.550685,28.997268,27.536986,28.706849,31.183562,30.953552,34.019178,36.252055,36.526027
        Belize,0.256417105,0.240391036,0.224364967,0.224364967,0.240391036,0.240391036,0.3,0,0.2,0.3,0.4,0.6,0.2,0.2,0.2,0.3,0.3,0.3,0.3,0.3,0.606666667,0.347616438,0.391068493,0.434520548,0.455,0.477972603,0.477972603,0.353047945,0.335670833,0.320133014,0.287218082,0.242245205,0.237683333,0.301991781,0.264175458,0.267466,0.264658,0.320619025,0.3075657,0.54387981
        Benin,0,0,0,0,0,0,0,0,0.4,0.4,0.4,0.4,0.4,0.4,0.4,0.4,0.5,0.5,0.5,0.5,0.455,0.434520548,0.434520548,0.760410959,0.541666667,0.217260274,0.456246575,0.543150685,0.888333333,1.868438356,3.172,0.934219178,1.105,0,0,1,0.695232877,0.651780822,0.65178082,0.45624658
        Bermuda,0.576571765,0.500707059,0.531052941,0.561398824,0.546225883,0.531052941,0.5,0.8,0.8,0.8,0.4,0.4,0.3,0.3,0.3,0.3,0.3,0.3,0.3,0.3,0.346666667,0.347616438,0.391068493,0.347616438,0.368333333,0.369342466,0.412794521,0.782136986,1.083333333,1.08630137,1.08630137,0.268316438,0.267583333,0.260712329,0.392328603,0.352287534,0.447,0.334580822,0.33675342,0.34479205
        Bhutan,0,0,0,0,0,0,0,0,0,0,0,0,0,0,0,0,0,0.02172,0.02172,0.021726027,0.021666667,0.021726027,0.021726027,0.021726027,0.01885,0.020205205,0.014121918,0.018901644,0.014516667,0.017380822,0.02389863,0.025636712,0.036183333,0.05583589,0.063005479,0.057791,0.058008493,0.069957808,0.08581781,0.08712137
        Bolivia,1.895734597,2.047393365,1.895734597,1.895734597,1.819905213,1.668246445,1.6,1.5,1.5,1.7,1.8,1.7,1.8,1.9,2,1.9,2.7,3,3,3,2.6,2.281232877,2.433315068,2.694027397,2.448333333,2.954739726,2.824383562,2.737479452,2.773333333,2.802657534,2.933013699,3.25890411,2.816666667,3.454438356,3.823780822,4,4,3.888958904,3.73687671,3.60652055
        Bosnia and Herzegovina,,,,,,,--,--,--,--,--,--,0.7,0.4,0.4,0.5,0.8,0.8,0.9,0.9,0.216666667,0.173808219,0.173808219,0.152082192,0.108333333,0.108630137,0.108630137,0.108630137,0.108333333,0.108630137,0.108630137,0.108630137,0.108333333,0.08690411,0.108630137,0.130356,0.21726,0.222083452,0.152082192,0.19553425
        Botswana,0,0,0,0,0,0,0,0,0.2,0.2,0.2,0.2,0.2,0.2,0.2,0.2,0.2,0.1,0.02172,0.021726027,0.13,0.130356164,0.152082192,0.152082192,0.173333333,0.217260274,0.238986301,0.195534247,0.346666667,0.325890411,0.304164384,0.282438356,0.26,0.260712329,0.217260274,0.260712,0.238333,0.238986301,0.32589041,0.34761644
        Brazil,38.84613699,43.47378082,44.36454795,44.38627397,40.06279452,42.43093151,45.49430137,47.97106849,47.12375342,50.14367123,50.44783562,52,49,52,55,64,69,77,79.69106849,79,79,80,80,69,72,77,77,84,92,94,108,120,125,125,129,127,116,115,123.0127671,119.8624932
        British Virgin Islands,0,0,0,0,0,0,0,0,0,0,0,0,0,0,0,0,0,0,0,0,0,0,0,0,0,0,0,0,0,0,0,0,0,0,0,0,0,0,0,0
        Brunei,0.259669534,0.270489098,0.216391279,0.270489098,0.30294779,0.346226046,0.3,0.3,0.3,0.5,0.8,0.8,0.9,1,1.2,1.2,1.7,1.9,1.7,1.7,1.581666667,1.542547945,1.781534247,1.694630137,1.646666667,1.694630137,1.67290411,1.803260274,2.08,2.020520548,2.302958904,2.324684932,1.733333333,1.803260274,1.542547945,2,2,1.607726027,1.75980822,2.34934397
        Bulgaria,0,0,0,0,0,0,0,0,0,6.9,4.6,4.8,7,6.6,7,6.5,6.8,4.6,3.2,2.5,2.145,3.128547945,3.172,3.845506849,3.618333333,4.236575342,4.323479452,4.714547945,4.896666667,3.693424658,3.845506849,4.019315068,3.683333333,3.606520548,3.75860274,4,5,5.438024658,5.770758767,5.36372164
        Burkina Faso,0.087418191,0.087418191,0.087418191,0.087418191,0.087418191,0.084504251,0.1,0.2,0.2,0.2,0.2,0.2,0.2,0.2,0.2,0.2,0.3,0.3,2.6,2.6,0.294666667,0.467109589,0.417139726,0.445383562,0.3445,0.438865753,0.599638356,0.454486767,0.5005,0.611848384,0.755370521,0.890615041,0.921721667,1.191889863,0.747375342,0.788654,0.486663014,0.587526316,0.64738284,0.65969718
        Burma,1.189922563,1.189922563,1.241658327,1.189922563,1.241658327,1.138186799,0.9,0.4,0.4,0.5,0.7,0.8,0.8,0.8,1.4,1.4,1.1,1.2,1.1,1.2,1.343333333,1.455643836,1.260109589,1.433917808,1.321666667,0.803863014,1.303561644,1.390465753,1.321666667,1.477369863,1.890164384,1.629452055,2.21,2.433315068,2.650575342,2.824383,4.506666,3.75860274,3.63324356,4.60591781
        Burundi,0.03004277,0.034334594,0.03004277,0.034334594,0.042918243,0.042918243,0.04345,0,0.04333,0.2,0.2,0.2,0.2,0.2,0.2,0.2,0.2,0.2,0.2,0.2,0.26,0.130356164,0.071124496,0.096667786,0.1523509,0.144782247,0.136222192,0.143391781,0.118148333,0.129965096,0.096941534,0.107217945,0.08151,0.090836521,0.093639178,0.056292,0.032716,0.092987397,0.10645753,0.11249737
        Cabo Verde,0,0,0,0,0,0,0,0,0,0,0,0,0,0,0,0,0,0,0,0,0.639166667,0.747375342,0.716958904,0.488835616,0.517833333,0.671334247,0.701750685,1.194931507,1.235,1.132577808,1.3481,1.428486301,1.471721096,1.454557534,1.495619726,1.386555,1.254933,1.344841096,1.40050318,1.48675551
        Cambodia,0,0,0,0,0,0,0,0,0,0,0,0,0,0,0,0.2,0.3,0.3,0.2,0.3,0.39,0.369342466,0.260712329,0.368333333,0.433333333,0.456246575,0.49969863,1.064575342,0.953333333,0.760410959,0.99939726,1.194931507,1.49909589,1.716356164,1.998794521,2,2,3.324082192,4.37779452,4.88401096
        Cameroon,1.438603763,1.438603763,1.708341969,1.708341969,1.708341969,1.798254704,2,1.1,1.3,0,0,0.2,1.2,1.2,0.2,0.2,0.4,0.2,0.2,1.2,1.235,1.303561644,1.49909589,1.564273973,1.386666667,1.347013699,1.911890411,3.367534247,2.296666667,3.780328767,4.17139726,3.845506849,3.476164384,2.889561644,4.149671233,2,0.52,0.434520548,0.37275345,0.37712038
        Canada,82,80,48,50,52.480874,57.309589,61.986301,68.369863,75.489071,78.542466,74.909589,68.073973,70.043716,66.852055,71.652055,78.586301,90.221311,93.334247,96.424658,102.958904,104.019126,94.482192,99.810959,102.868493,111.502732,118.679452,118.087671,119.635616,112.122951,101.547945,105.569863,107.178082,122.259563,127.6,124.80274,127.271233,130.453552,141.312329,158.967123,159.323288
        Cayman Islands,0,0,0,0,0,0,0,0.02172,0.3,0.3,0.2,0.1,0.1,0,0.2,0.4,0.4,0.4,0.4,0.4,0.173333333,0.195534247,0.195534247,0.195534247,0.26,0.260712329,0.260712329,0.304164384,0.346666667,0.238986301,0.238986301,0.260712329,0.282438356,0.238986301,0.2379,0.403886,0.411666,0.869041096,0.83638688,0.76775436
        Central African Republic,0.352941176,0.458823529,0.494117647,0.529411765,0.494117647,0.494117647,0.6,0.4,0.4,0.4,0.4,0.4,0.4,0.5,0.5,0.5,0.5,0.5,0.5,0.5,0.304164384,0.304164384,0.304164384,0.282438356,0.282438356,0.260712329,0.260712329,0.238986301,0.195534247,0.152082192,0.152082192,0.152082192,0.173808219,0.152082192,0.195534247,0.325890411,0.304164384,0.325890411,0.34761644,0.34761644
        Chad,0.421052632,0.4,0.4,0.4,0.189473684,0.231578947,0.4,1.1,0.9,1,0.7,0.4,0.4,0.3,0.3,0.3,0.3,0.4,0.4,0.4,0.39,0.347616438,0.347616438,0.369342466,0.39,0.434520548,0.434520548,0.434520548,0.411666667,0.412794521,0.456246575,0.456246575,0.456246575,0.456246575,0.456246575,0.456246575,0.456246575,0.695232877,0.77561918,0.75172055
        Chile,3,4,3,3,3.333333,3.210959,4.065753,4.430137,4.47541,4.873973,5.915068,5.830137,6.79235,7.750685,7.427397,8.6,9.23224,11.712329,13.668493,12.731507,11.486339,13.030137,13.030137,11.153425,12.202186,13.134247,13.989041,15.709589,18.174863,14.882192,17.435616,15.008219,19.639344,19.369863,21.391781,22.520548,21.885246,23.084932,25.29863,28.635616
        China,65.77039275,63.12688822,62.49244713,63.6203424,64.88922457,68.87210473,70,54,62,65,51,60,65,63,71,106,98,130,94,105,128.52,135.738,171.179,177.265,226.603,245.73,265.892,286.568,291.373,338.292,347.8554247,357.6973151,388.2658356,434.1294795,481.4487671,544.2152603,611.5659452,689.4320274,750.3105288,804.9666959
        Colombia,9.387755102,9.562682216,9.795918367,10.02915452,10.1457726,9.970845481,10,8.9,11,7.9,10,11,14,12,14,10,15,13,10,14,13.715,13.27460274,14.36090411,17.90224658,12.84833333,12.70972603,13.66567123,12.01449315,13.41166667,14.0350137,17.79361644,19.20580822,19.9010411,19.94449315,22.42126027,28,28,28.74353425,28.34060334,28.80375879
        Comoros,0,0,0,0,0,0,0,0,0,0,0.02172,0.02172,0.02166,0.02172,0.02172,0.02166,0.02166,0.02172,0.02172,0.021726027,0.021666667,0.021726027,0.021726027,0.043452055,0.043333333,0.043452055,0.043452055,0.043452055,0.043333333,0.043452055,0.052142466,0.061919178,0.060615616,0.066047123,0.068219726,0.068871,0.076916,0.078430959,0.0871431,0.09589868
        Congo-Brazzaville,0.846966674,1.016360008,0.846966674,0.677573339,0.677573339,0.965542008,1,1.1,0.6,1.1,1.1,0.9,0.2,0.2,0.2,0.3,0.3,0.3,0.3,0.5,0.823333333,1.216657534,0.934219178,0.825589041,1.17,1.629452055,1.49909589,1.868438356,1.56,2.17260274,1.890164384,2.063972603,2.107424658,1.846712329,2.08569863,1.520821918,1.507,0.99939726,0.98555778,0.98744795
        Congo-Kinshasa,2.219924406,2.336762532,2.453600659,2.453600659,2.336762532,2.219924406,2.4,3.9,4.9,4.9,4.5,3.7,2.9,2.9,3,2.9,2.9,3.2,3,2.8,1.603333333,1.694630137,2.216054795,2.433315068,2.751666667,3.454438356,4.432109589,3.67169863,0.325,0.325890411,3.302356164,3.150273973,3.011666667,3.280630137,4.910082192,2.650575,2.491666,2.541945206,2.673996,2.89405893
        Cook Islands,0.133333333,0.266666667,0.266666667,0.266666667,0.266666667,0.266666667,0.2,0.2,0.2,0.2,0.2,0.1,0.2,0.2,0.2,0.2,0.2,0.2,0.2,0.2,0.086666667,0.152082192,0.042583014,0.003258904,0.000433333,0.153168493,0.218563836,0.152516712,0.156,0.143391781,0.171635616,0.191189041,0.202052055,0.202052055,0.212915068,0.197706,0.203666,0.205093699,0.20487644,0.20531096
        Costa Rica,0.355555556,0.355555556,0.333333333,0.355555556,0.311111111,0.333333333,0.3,0.7,0.6,0.9,1,0.9,1.3,1.9,2.7,2.4,1.9,1.8,2.3,2.4,2.405,1.694630137,2.302958904,2.346410959,2.47,3.888958904,3.975863014,3.736876712,4.246666667,3.302356164,3.628246575,4.019315068,3.715150685,3.519616438,3.910684932,4,4,4.432109589,4.73627397,5.01871233
        Cote d'Ivoire,1.688888889,1.80952381,1.688888889,1.80952381,1.749206349,1.80952381,1.9,1.9,1.9,2.5,2.3,1.1,1.2,1.8,1.3,1.3,2.3,1.9,1.8,1.8,2.513333333,2.237780822,2.150876712,1.911890411,1.906666667,1.911890411,1.911890411,1.021123288,1.148333333,1.194931507,1.238383562,1.281835616,1.321666667,1.216657534,1.433917808,3.410986,4,4,3.43271233,3.91327033
        Croatia,,,,,,,--,--,--,--,--,--,1.8,1.5,2,2,1.9,1.9,1.9,1.8,1.56,1.564273973,1.49909589,1.477369863,1.69,2.020520548,2.08569863,2.17260274,2.448333333,2.107424658,2.237780822,2.368136986,2.476767123,2.694027397,2.694027397,3,3,3.280630137,4.432109589,4.34086027
        Cuba,3.923146067,4.000449438,4.328988764,3.981123596,4.116404494,4.193707865,4.3,4.4,4.7,4.6,3.5,3.2,4.1,3.8,4,3.6,4.1,6.1,5.8,5.9,7.865,7.625835616,6.756794521,7.169589041,8.493333333,7.408575342,4.084493151,7.039232877,5.915,2.867835616,2.911287671,3.128547945,2.563671233,2.346410959,2.498493151,2,3,2.759205479,1.59686301,1.6235643
        Cyprus,2.857142857,2.428571429,2.571428571,2.857142857,2.857142857,3,3.2,3.7,1.6,4.5,6.5,6.1,5.9,5,9.5,9.8,10,5.6,5.8,5.9,6.11,7.321671233,6.561260274,7.017506849,6.435,6.561260274,6.582986301,6.235369863,6.196666667,6.191917808,5.866027397,6.387452055,5.84430137,5.214246575,5.018712329,5,6,6.300547945,6.75679452,6.47435616
        Czechia,--,--,--,--,--,--,--,--,--,--,--,--,--,2.893151,3.610959,3.884932,2.928962,3.408219,4.035616,3.80274,4.13388,4.421918,4.210959,5.416438,6.931694,7.232877,7.320548,7.942466,8.330601,7.726027,7.120548,7.383562,6.52459,6.282192,6.460274,6.887671,7.407104,8.441096,9.19726,9.673973
        Denmark,17,14,11,12,11.557377,11.805479,12.282192,13.271233,14.226776,15.610959,14.983562,13.841096,14.032787,15.156164,16.147945,16.6,17.614754,17.057534,17.421918,18.632877,17.521858,18.241096,16.106849,15.865753,18.923497,20.115068,19.430137,20.230137,19.480874,17.271233,18.172603,18.958904,18.472678,18.846575,19.986301,19.435616,21.308743,21.70411,21.756164,22.490411
        Djibouti,2.666666667,2.133333333,2.133333333,1.6,1.333333333,1.333333333,1.2,1.2,1.2,1.4,1.5,1.5,1.5,1.5,1.6,1.6,1.6,1.6,1.6,1.6,1.841666667,1.846712329,1.846712329,2.063972603,2.058333333,1.890164384,1.629452055,1.679421918,1.5405,1.703320548,1.887991781,1.764153425,1.781534247,1.870610959,1.907545205,1.937961,1.729,1.738082192,1.73808219,1.73808219
        Dominica,0,0,0,0,0,0,0,0,0,0,0,0,0,0,0,0,0,0,0,0,0.0065,0.006517808,0.00760411,0.008690411,0.008666667,0.008690411,0.010863014,0.010863014,0.015166667,0.013035616,0.016946301,0.016946301,0.012383836,0.014121918,0.013470137,0.013252,0.01365,0.013252877,0.01336151,0.01336151
        Dominican Republic,0.565957447,0.55106383,0.580851064,0.7,0.610638298,0.625531915,0.7,0.7,0.7,3,3.2,3.4,0.4,1.6,0.4,0.4,0.4,1.3,1.5,1.5,9.208333333,8.407972603,7.169589041,8.42969863,9.208333333,9.038027397,8.92939726,8.994575342,8.97,9.01630137,8.885945205,9.038027397,10.16778082,9.255287671,10.29813699,11,11,11.71032877,12.3084463,10.91719841
        Ecuador,3.107725789,3.255712731,3.51468988,3.144722524,3.070729053,3.18171926,3.4,3.6,3.7,2.7,3.7,4,4,3.6,3.8,4.1,4.6,3.7,4.1,4.4,3.315,3.975863014,1.933616438,3.845506849,5.871666667,6.604712329,6.908876712,7.169589041,7.236666667,7.278219178,7,7,7,8,8,7,7,7.126136986,7.47375342,7.64756164
        Egypt,7.289719626,8.411214953,8.971962617,10.54205608,11.38317757,12.05607477,12,17,12,10,10,11,9.9,14,17,15,14,19,17,9.6,21.88333333,20.05312329,17.6849863,21.37841096,25.91333333,27.54860274,28.61317808,35.84794521,30.91833333,33.32772603,38.10745205,34.78336986,28.74353425,27.04890411,29.04769863,23,21,25.31082192,24.63731507,31.06837126
        El Salvador,0.469798658,0.402684564,0.402684564,0.436241611,0.436241611,0.469798658,0.5,0.4,0,0.6,0.9,0.6,0.9,1,1,1.1,1,1,1.3,1.7,1.495,1.520821918,1.390465753,1.477369863,1.581666667,1.651178082,1.586,2.455041096,2.405,2.411589041,2.346410959,2.389863014,1.803260274,3.128547945,3.302356164,3,4,3.584794521,3.78032877,3.93241096
        Equatorial Guinea,0,0,0,0,0,0,0,0,0,0,0,0,0,0,0,0,0,0,0,0,0.477972603,0.282438356,0.608328767,1.260109589,1.390465753,1.433917808,1.477369863,1.477369863,1.520821918,1.520821918,1.520821918,1.520821918,1.520821918,1.520821918,1.520821918,1.477369863,1.520821918,1.042849315,0.98201644,0.99722466
        Eritrea,,,,,,,--,--,--,--,--,--,--,--,0.7,0.5,0.3,0.3,0.4,0.4,0.195,0.238986301,0.195534247,0.238986301,0.281666667,0.195534247,0.152082192,0.108630137,0.065,0.021726027,0.021726027,0.021726027,0.021726027,0.021726027,0.021726027,0.10863,0.216666,0.173808219,0.34946315,0.24083301
        Estonia,,,,,,,--,--,--,--,--,--,0.229508,0.372603,0.315068,0.372603,0.333333,0.449315,0.334247,0.449315,0.42623,0.361644,0.394521,0.460274,0.677596,0.99726,1.057534,1.279452,1.456284,0.8,0.726027,0.975342,1.26776,1.030137,1.019178,1.084932,0.972678,1.273973,1.490411,1.457534
        Eswatini,0.019107592,0.019107592,0.019107592,0.019107592,0.019107592,0.021973731,0.01945,0.00864,0.0301,0.05558,0.07767,0.08095,0.08,0,0,0,0,0,0,0,0.015042733,0.014581206,0.013576595,0.013072551,0.012536333,0.012318658,0.012570679,0.013079068,0.013433333,0.011949315,0.011514795,0.013035616,0.013,0.013035616,0.013035616,0.013035,0.021726,0.032052408,0.04345205,0.04345205
        Ethiopia,1.604651163,1.604651163,1.738372093,2.005813953,2.005813953,2.406976744,2.3,3.1,3.7,3.5,4,3,3.9,4,2.7,3.3,3.3,3.3,1.4,1.5,1.646666667,2.020520548,1.911890411,1.846712329,2.491666667,3.172,3.845506849,5.235972603,5.481666667,5.75739726,6.952328767,5.909479452,8.125534247,8.951123288,9.993972603,11,13,14.25227397,16.07552219,18.03455808
        Falkland Islands,0,0,0,0,0,0,0,0,0,0,0,0,0,0,0,0,0,0,0,0,0,0,0,0,0,0,0,0,0,0,0,0,0,0,0,0,0,0,0,0
        Faroe Islands,0,0,0,0,0,0.045648169,0.043452055,0,0,0.065178082,0.065178082,0.043452055,0.04333,0.02166,0.02166,0.04333,0.04333,0.04333,0.04345,0.043452055,0.044785,0.05255526,0.054923397,0.053663288,0.062595,0.084818411,0.081907123,0.075541397,0.084305,0.076475616,0.073825041,0.077735726,0.002036667,8.69041E-05,8.69041E-05,0.001933616,0.002578,0.002672301,6.51781E-05,0.00006518
        Fiji,2.474242424,2.543939394,2.509090909,2.056060606,1.881818182,1.916666667,2.3,1.4,1.2,1.9,1.3,0.9,0.7,0.7,0.7,0.7,0.7,0.7,0.5,0.5,1.495,1.586,1.694630137,2.107424658,2.172807,2.281232877,2.324684932,2.346410959,2.237780822,1.781460378,2.62884497,0.367932447,0.412703271,0.738654515,0.803863014,0.853832877,0.784309589,0.90380274,0.91249315,0.91249315
        Finland,5,5,5,5,5.081967,5.293151,5.40274,6.10411,7.494536,8.465753,9.649315,9.306849,8.357923,7.961644,8.315068,8.572603,9.153005,9.673973,10.076712,10.643836,10.592896,10.621918,10.358904,10.643836,11.497268,11.868493,12.780822,14.205479,15.095628,13.493151,14.183562,15.975342,15.371585,15.542466,15.131507,15.410959,15.762295,16.578082,18.567123,20.09863
        Former Czechoslovakia,12,11,8,9,3.314,3.2,3.455,4.293,3.855,4.896,3.649,3.003,3.462,--,--,--,--,--,--,--,--,--,--,--,--,--,--,--,--,--,--,--,--,--,--,--,--,--,--,--
        Former Serbia and Montenegro,,,,,,,--,--,--,--,--,--,2,1.304,1.629,0.869,1.192,2.064,2.064,3.911,0.671666667,1.303561644,1.325287671,2.346410959,0.996666667,1.021123288,--,--,--,--,--,--,--,--,--,,,,--,--
        Former U.S.S.R.,0,0,0,0,0,0,0,415,590,593,548,460,--,--,--,--,--,--,--,--,--,--,--,--,--,--,--,--,--,--,--,--,--,--,--,,,,--,--
        Former Yugoslavia,7.697591852,7.288417534,7.313990929,6.828096427,8.311353328,8.464793697,7.8,9.4,8.8,9.9,3.5,3.2,--,--,--,--,--,--,--,--,--,--,--,--,--,--,--,--,--,--,--,--,--,--,--,,,,--,--
        France,74,70,69,75,50.76776,55.873973,59.931507,64.147945,72.060109,77.024658,80.632877,79.427397,89.043716,91.813699,95.449315,98.841096,105.224044,108.09863,127.424658,135.578082,140.095628,139.013699,136.745205,136.424658,142.224044,142.813699,148.224658,152.243836,152.907104,140.547945,142.142466,160.076712,154.620219,153.358904,152.613699,158.709589,154.374317,157.857534,164.106849,170.758904
        French Guiana,0.290937867,0.256025323,0.314212897,0.325850411,0.256025323,0.256025323,0.3,0.4,0.4,0.5,0.6,0.3,0.3,0.3,0.3,0.3,0.3,0.3,0.3,0.3,0.758333333,0.758238356,0.603983562,0.593120548,0.693333333,0.723476712,0.723476712,0.608328767,0.849333333,0.666989041,0.669161644,0.825589041,ie,ie,ie,ie,ie,ie,ie,ie
        French Polynesia,0.453067493,0.69470349,0.906134987,1.208179983,1.812269974,1.570633977,2,2.1,2.1,2,1.8,1.6,2,2,0.3,0.4,0.4,0.4,0.4,0.4,0.411666667,0.391068493,0.391068493,0.391068493,0.39,0.376946575,0.376946575,0.391068493,0.375916667,0.373904932,0.370863288,0.391068493,0.36985,0.36499726,0.371515068,0.386723,0.303333,0.312854795,0.34066411,0.34855066
        Gabon,0.222222222,0.242424242,0.222222222,0.282828283,0.242424242,0.222222222,0.2,1.2,2.2,1.2,1.2,1.6,0.9,0.2,0.9,1.5,1.6,1.7,1.7,1.6,1.343333333,1.477369863,1.607726027,1.433917808,1.148333333,1.173205479,1.08630137,0.847315068,0.866666667,0.890767123,1,1,1,1,1,1,1,1.064575342,0.52424904,0.49648318
"        Gambia, The",0,0,0,0,0,0,0,0,0,0,0,0,0,0,0,0,0,0,0,0,0.195,0.195534247,0.195534247,0.195534247,0.195,0.195534247,0.217260274,0.304164384,0.303333333,0.412794521,0.369342466,0.456246575,0.325,0.456246575,0.299819178,0.299819,0.303333,0.308509589,0.41887781,0.43452055
        Georgia,,,,,,,--,--,--,--,--,--,0.7,0.2,0.3,0.5,1,1,1.2,2.3,0.325,0.282438356,0.49969863,0.564876712,0.801666667,0.803863014,0.803863014,1.021123288,0.866666667,0.869041096,0.869041096,1.151479452,1.194931507,1.846712329,1.759808219,2,2,2.08569863,2.211275069,2.20892866
        Germany,,,,,--,--,--,--,--,--,--,104.665753,109.718579,114.789041,125.128767,125.30411,127.806011,134.413699,138.90137,146.849315,153.76776,147.087671,146.545205,150.046575,161.729508,174.545205,183.438356,190.158904,192.136612,187.463014,184.131507,176.660274,186.991803,190.027397,184.068493,184.306849,197.622951,215.2,221.052055,221.046575
"        Germany, East",0,0,0,0,0,0,0,0,0,11.67,11.167,--,--,--,--,--,--,--,--,--,--,--,--,--,--,--,--,--,--,--,--,--,--,--,--,--,--,--,--,--
"        Germany, West",61,63,57,58,82.844,87.419,93.641,98.175,105.992,102.409,106.03,--,--,--,--,--,--,--,--,--,--,--,--,--,--,--,--,--,--,--,--,--,--,--,--,--,--,--,--,--
        Ghana,0.506329114,0.443037975,0.506329114,0.443037975,0.506329114,0.443037975,0.5,0.6,1,0.5,0.4,0.6,1,1.1,1.3,1.1,1.1,1.1,1.1,1.2,2.101666667,1.651178082,1.977068493,2.607123288,2.318333333,2.58539726,2.498493151,2.67230137,2.578333333,2.715753425,2.346410959,2.933013699,3.055,2.867835616,2.476767123,2.759205479,3.280630137,3.954136986,3.87918219,4.82535068
        Gibraltar,0.026338827,0.029531412,0.026338827,0.020751803,0.019155511,0.043898045,0.06517,0.1,0.2,0.2,0.2,0.2,0.08666,0.0869,0.0869,0.0869,0.08666,0.0869,0.1,0.08690411,0.086666667,0.08690411,0.08690411,0.108630137,0.13,0.130356164,0.130356164,0.152082192,0.151666667,0.130356164,0.108630137,0.152082192,0.13,0.152082192,0.152082192,0.173808,0.173808,0.173808219,0.130356164,0.17965252
        Greece,18,17,18,19,17.437158,19.345205,17.158904,17.879452,19.808743,20.706849,26.408219,23.857534,24.803279,26.465753,28.216438,25.775342,25.404372,24.50411,24.805479,26.832877,27.409836,24.632877,23.873973,23.989041,24.846995,24.526027,26.90411,27.506849,27.967213,23.915068,19.257534,20.167123,20.579235,20.791781,23.117808,23.70411,25.163934,27.50411,30.131507,31.021918
        Greenland,0.035567866,0.033645279,0.032683985,0.023071048,0.03652916,0.032683985,0.021726027,0.021726027,0.1,0.1,0.043452055,0.1,0.1,0.1,0.1,0.1,0.2,0.2,0.2,0.2,0.281666667,0.282438356,0.282438356,0.282438356,0.28384697,0.438386375,0.471382088,0.467367466,0.468118107,0.417417299,0.375100082,0.46290486,0.359830462,0.347066649,0.36600257,0.333747753,0.336,0.613703786,0.36772351,0.39087841
        Grenada,0,0,0,0,0,0,0,0,0,0,0.06517,0.06517,0.065,0.0869,0.0869,0.08767,0.096,0.1,0.1,0.1,0.099270167,0.099822405,0.100102671,0.105918729,0.102533167,0.108154337,0.111930321,0.116886027,0.161416667,0.100156986,0.099505205,0.109933699,0.08645,0.081689863,0.114713425,0.120458,0.148089,0.156870782,0.15978363,0.19688254
        Guadeloupe,0.688369729,0.96371762,1.219397805,1.278400925,1.396407164,1.278400925,1.3,1.6,2,2.4,2.5,2.6,2.1,1.6,1.6,1.7,1.6,1.7,1.7,1.7,3.440666667,3.119857534,3.143756164,2.665783562,2.738666667,2.463731507,2.296441096,2.218227397,2.275,2.281232877,2.302958904,2.802657534,ie,ie,ie,ie,ie,ie,ie,ie
        Guam,3.56762465,4.994674509,3.853034622,3.710329636,1.284344874,0.656442936,1.1,1.5,1.5,1.1,5.1,7.8,5.7,9.2,11,9.4,9,10,9,7.7,2.782277322,9.929378105,7.8062,3.8248364,4.59002459,4.961591534,9.435141346,3.157515137,3.880867486,6.6374,7.1564,3.549,3.390696235,2.674821573,2.5,2.7,2.186294691,2.098630137,2.098630137,2.098630137
        Guatemala,0.753246753,0.649350649,0.649350649,0.675324675,0.597402597,0.675324675,0.6,0.9,0.8,0.9,0.6,0.9,0.7,0.6,0.7,1,0.6,0.6,1.1,1,1.04,0.977671233,0.782136986,0.847315068,0.931666667,1.542547945,1.520821918,0.564876712,0.498333333,0.456246575,1.325287671,1.194931507,0.845,0.825589041,0.412794521,1,1,2.042246575,2.19432877,2.12915068
        Guinea,0.055589117,0.054596454,0.055589117,0.056581779,0.056581779,0.052611128,0.06517,0.5,0.4,0.3,0.1,0.09,0.1,0.2,0.2,0.2,0.2,0.2,0.2,0.2,0.195,0.195534247,0.195534247,0.195534247,0.195,0.217260274,0.217260274,0.260712329,0.24635,0.257887945,0.262233151,0.260929589,0.261733333,0.260712329,0.267230137,0.26723,0.270833,0.271575343,0.36934247,0.62788219
        Guinea-Bissau,0.077506362,0.077506362,0.077506362,0.077506362,0.103341816,0.116259543,0.1,0.1,0.2,0.2,0.2,0.2,0.2,0.2,0.2,0.2,0.2,0.2,0.2,0.2,0.216666667,0.217260274,0.217260274,0.217260274,0.216666667,0.217260274,0.217260274,0.238986301,0.2275,0.22986137,0.231816712,0.237248219,0.239416667,0.243331507,0.255498082,0.260712,0.270833,0.273747945,0.27809315,0.28243836
        Guyana,0.217189436,0.265946248,0.206108342,0.183946155,0.206108342,0.21054078,0.2,0.2,0.1,0.1,0.1,0.6,0.2,0.2,0.2,0,0,0.2,0.3,0.3,0.2816385,0.217903364,0.22643083,0.22234851,0.212344167,0.210605592,0.180743167,0.192927123,0.189583333,0.198106608,0.187712877,0.203790137,0.315683333,0.221605479,0.238986301,0.272718,0.355942,0.381402627,0.37151014,0.36187877
        Haiti,0.489795918,0.326530612,0.408163265,0.326530612,0.326530612,0.391836735,0.4,1.1,1.2,1.2,0.4,0.4,0.3,0.3,0.2,0,0,0.4,0.5,0.6,0.585,0.716958904,0.738684932,0.391068493,0.498333333,0.49969863,0.521424658,0.434520548,0.433333333,0.369342466,0.434520548,0.369342466,1.17,2.042246575,0.738684932,1,1,0.49969863,0.4884011,0.48499011
        Hawaiian Trade Zone,26.55737705,30.68852459,28.32786885,26.55737705,31.86885246,30.74754098,18,--,--,--,--,--,--,--,--,--,--,--,--,--,--,--,--,--,--,--,--,--,--,--,--,--,--,--,--,--,--,,--,--
        Honduras,0.41025641,0.376068376,0.376068376,0.41025641,0.41025641,0.376068376,0.4,0.4,1.1,1.2,1,0.7,0.9,0.9,0.5,0.5,0.5,0.5,0.5,0.6,0.758333333,0.477972603,0.58660274,0.543150685,0.476666667,0.477972603,0.630054795,0.543150685,0.975,1.021123288,0.99939726,0.477972603,1.061666667,0.890767123,1.455643836,2,1,1.194931507,0.95594521,1.30138904
        Hong Kong,25.21662246,26.03006189,25.41998232,24.19982317,23.38638373,22.36958444,23,23,25,34,38,34,40,46,57,57,63,53,54,63,68.92512974,72.34841044,74.36543465,68.69854398,84.84232051,93.47604032,95.52078918,107.8920996,103.1628175,100.0743689,112.1806841,120.4513483,114.685569,121.4904799,119.9186525,127.172602,135.376963,134.3560782,148.7472466,134.5384247
        Hungary,0,0,0,2,2.972678,3.134247,3.156164,3.087671,3.122951,3.263014,3.454795,2.723288,2.855191,2.632877,3.972603,3.824658,4.046448,3.863014,4.030137,4.336986,4.819672,4.580822,4.315068,4.238356,4.846995,5.635616,5.69863,5.224658,5.795082,4.967123,4.942466,4.964384,3.57377,3.50137,3.690411,3.783562,4.153005,4.838356,5.961644,6.00274
        Iceland,1,1,1,1,1.20765,1.449315,1.010959,1.205479,1.270492,1.942466,1.728767,1.506849,1.52459,1.490411,3.176796,1.722388,1.939891,2.139726,2.50411,2.676712,2.953552,2.553425,2.243836,2.284932,2.606557,2.934247,3.909589,3.621918,3.103825,2.50411,2.747945,3.084932,3.142077,3.539726,4.076712,4.750685,6.404372,8,8.964384,6.728767
        India,25.80147835,29.25237592,29.57338965,31.01795143,33.06441394,35.91341077,38,36,39,40,37,38,36,51,44,45,47,48,46,47,48.72833333,49.01391781,49.29635616,53.96745205,60.905,71.58726027,86.53476712,98.70134247,95.83166667,100.5263288,110.3247671,118,115,118,123,132,147,161,178.5996169,177.7675974
        Indonesia,11.26832377,12.56639048,13.22923306,12.98066709,12.98066709,12.84257489,13,12,15,17,19,23,22,29,28,26,35,36,19,16,23.18333333,23.70309589,25.6149863,29.39531507,42.40166667,40.62767123,42.95235616,42.77854795,43.94,47.51482192,53.01150685,60.78942466,64.22,67.39413699,71.50035616,75,84,92.55075386,91.48830137,79.95845071
        Iran,10.6626506,10.48192771,11.92771084,14.18674699,13.82530121,14.27710843,15,10,9.2,12,14,24,24,26,35,13,35,15,14,2.7,18.93666667,19.48824658,17.33736986,18.87991781,17.225,18.48884932,22.63852055,21.89983562,22.14333333,26.33194521,27.78758904,24.44178082,24.78666667,25.41945205,27.11408219,29.11463591,31.70064889,33.61016438,34.50681926,27.72547433
        Iraq,6.222222222,6.136200717,5.878136201,7.168458781,6.88172043,7.397849462,8,7.3,9,11,18,5.4,7.8,17,21,24,24,9.2,12,12,11.15833333,11.73205479,11.62342466,10.77610959,12.52333333,13.60049315,14.79542466,15.1430411,15.75166667,16.81594521,17,17,7,9,11,11,14,13.88293151,5.37879951,4.99563929
        Ireland,5,5,4,5,3.923497,4.345205,6.367123,6.49589,7.508197,7.684932,7.668493,7.405479,6.456284,9.435616,8.39726,8.20274,7.551913,9.109589,9.413699,11.115068,12.846995,15.476712,16.432877,16.060274,15.180328,17.578082,18.153425,21.413699,19.893443,12.279452,15.712329,14.334247,11.991803,13.282192,15.323288,17.315068,17.762295,20.931507,22.605479,22.873973
        Israel,12,10,18,11,0,0,0,0,0,0,10.778082,10.419178,10.603825,12.956164,13.164384,14.454795,15.297814,13.789041,14.928767,12.863014,16.13388,14.134247,22.320548,22.210959,21.661202,21.712329,22.89589,23.652055,16.942623,16.342466,16.347945,17.463014,16.84153,17.408219,17.591781,18.638356,20.002732,22.482192,23.947945,24.717808
        Italy,30,18,10,12,35.718579,36.638356,36.6,36.854795,40.434426,43.178082,43.432877,50.413699,50.639344,52.610959,55.054795,58.443836,60.972678,63.013699,68.827397,75.043836,77.374317,69.065753,68.99726,78.216438,77.743169,81.632877,86.654795,91.342466,87.606557,79.706849,84.369863,86.010959,82.142077,79.778082,80.547945,83.854795,87.068306,90.153425,101.041096,103.69589
        Jamaica,4.330065359,3.758169935,3.18627451,3.349673203,2.859477124,2.532679739,2.5,2.8,2.9,3.1,3.2,3.2,3.3,3.4,4,4.1,4,3.8,4.5,5.5,3.661666667,3.628246575,4.410383562,4.432109589,4.506666667,4.127945205,5.366328767,6.561260274,3.553333333,3.584794521,4.041041096,4.106219178,3.726666667,3.75860274,3.997589041,4,4,4.410383562,4.62764384,5.03637396
        Japan,80,79,58,47,98.710383,103.331507,110.827397,119.427397,129.355191,142.263014,153.542466,159.057534,165.409836,168.180822,177.410959,195.780822,206.868852,214.868493,222.556164,221.980822,206.748634,215.112329,223.99726,212.89589,230.327869,227.087671,234.076712,228.09589,223.027322,198.243836,202.315068,194.668493,197.912568,219.115068,220.421918,222.232877,225.562842,232.693151,233.156164,239.936986
        Jordan,2.025764895,2.409017713,2.737520129,2.901771337,3.066022544,3.175523349,3.4,3.8,3.8,5.2,5.1,3.2,4.2,5,4.9,5.3,6.5,6.5,4.7,4.7,5.243333333,4.649369863,4.649369863,5.800849315,4.29,6.821972603,6.496082192,6.452630137,6.391666667,6.908876712,7.625835616,7.691013699,8.233333333,8,7,7,8,9.407369863,7.41074795,8.29934247
        Kazakhstan,,,,,,,--,--,--,--,--,--,21,11,6.8,7.4,8.1,7.8,5.2,6.9,4.94,3.019917808,4.280027397,3.67169863,5.005,5.453232877,5.887753425,7.43030137,7.41,5.866027397,8.234164384,7.039232877,6.778520548,4.736273973,6.778520548,7,8,11,15.88172603,16.16416438
        Kenya,6.11311054,5.814910026,5.814910026,5.516709512,5.367609254,5.516709512,5.8,2.7,5.5,6,6.6,5.2,6.8,7.7,4.6,7.1,9.6,7.2,9.1,10,9.36,9.059753425,10.21123288,10.58057534,11.28833333,12.14484932,12.88353425,13.88293151,12.11166667,12.40556164,11.73205479,14.57816438,14.53833333,11.9710411,11.49306849,14,13,14.12191781,14.64334247,15.35682521
        Kiribati,0.041983184,0.041983184,0.041983184,0.041983184,0.020991592,0.020991592,0.02172,0.02172,0.02166,0.02172,0.02172,0.02,0.02166,0.02172,0.02172,0.02172,0.02166,0.02172,0.02172,0.021726027,0.0117,0.011514795,0.021726027,0.021726027,0.021666667,0.021726027,0.032589041,0.063005479,0.060666667,0.049969863,0.032589041,0.021726027,0.02275,0.024767671,0.021943288,0.021943,0.0226,0.029981918,0.03041644,0.03085096
        Kosovo,,,,,,,,,,,,,,,,,,,,,,,,,,,,,0,0.347616438,0.260712329,0.260712329,0.303333333,0.325890411,0.043452055,0.08690411,0.088,0.130356164,0.065178082,0.05253353
        Kuwait,9.847972973,10.77702703,10.96283784,11.42736487,11.14864865,11.24155405,11,10,10,10,7,5,5.2,5.4,7,8.1,8.4,8.9,10,8.2,7.886666667,8.494876712,9.885342466,15.53410959,11.57,12.51419178,12.03621918,13.18769863,14.755,16.55523288,15,15,14,13,16,16,16,19.7489589,19.85793666,20.37777532
        Kyrgyzstan,,,,,,,--,--,--,--,--,--,1.3,0.3,0.3,1.3,1.6,1,1.2,0.8,0.866666667,0.49969863,0.718923175,0.716958904,1.083333333,2.737479452,6.083287671,5.192520548,6.261666667,7.191315068,5.84430137,1.108027397,1.108027397,1.042849315,0.130356164,0.304164,3,0.456246575,0.130356164,0.13035616
        Laos,0.2,0.08,0.073333333,0.08,0.073333333,0.08,0.1,0.1,0.1,0.1,0.1,0.2,0.2,0.2,0.2,0.2,0.2,0.2,0.2,0.2,0.9473685,1.02033246,0.985147159,1.143475584,1.087718667,1.565681819,1.583273384,0.703677784,0.631579,0.703677784,1.280899225,0.985307932,0.333233333,0.738980405,0.842100822,0.814726,0.8125,0.842969863,1.36830521,0.90163014
        Latvia,,,,,,,--,--,--,--,--,--,0.590164,0.591781,0.547945,0.591781,0.740437,0.832877,0.789041,0.876712,0.568306,0.569863,0.591781,0.854795,1.040984,1.230137,1.419178,1.69863,2.043716,2.136986,2.457534,2.454795,2.497268,2.589041,2.312329,2.246575,2.587432,2.958904,3.232877,3.317808
        Lebanon,0.589519651,0.550218341,0.537117904,0.563318777,0.537117904,0.628820961,0.6,0.2,3.6,3.7,2,2.4,2.3,1.8,3.2,3.8,3.9,2.4,2.3,2.8,2.708333333,2.780931507,2.759205479,2.715753425,2.751666667,3.193726027,2.237780822,2.824383562,3.618333333,3.802054795,4.801452055,4.866630137,4.485,6,5,4,5,5.866027397,5.73050044,5.87652107
        Lesotho,0,0,0,0,0,0,0,0,0,0,0,0,0,0,0,0,0,0,0,0,0.0065,0.006517808,0.006517808,0.005431507,0.006283333,0.009776712,0.006300548,0.007169589,0.009966667,0.00782137,0.008690411,0.008690411,0.008666667,0.008690411,0.008690411,0.00869,0.008666,0.008690411,0.00735343,0.00456247
        Liberia,0.318737994,0.294219686,0.294219686,0.294219686,0.269701379,0.269701379,0.2,0.3,0.4,0.2,0.1,0.06517,0.065,0.1,0.1,0.1,0.1,0.1,0.1,0.1,0.108333333,0.108630137,0.325890411,0.391068493,0.495562167,0.425126214,0.363448195,0.224877419,0.192175533,0.255398142,0.343395071,0.352961041,0.5573295,0.326207611,0.382856055,0.241006,0.238333,0.238986301,0.2389863,0.2389863
        Libya,8.012820513,9.21474359,9.935897436,10.01602564,9.615384615,10.25641026,10,12,8,9,10,24,24,9.5,24,22,0,9,9.3,6.8,9.1,4.649369863,4.019315068,3.932410959,3.965,3.519616438,6.995780822,6.300547945,5.915,5.192520548,4,1,5,3,3,1,1,1.216657534,1.09255847,1.07861036
        Lithuania,,,,,,,--,--,--,--,--,--,1.420765,0.810959,0.838356,0.865753,0.721311,0.668493,0.613699,0.558904,0.557377,0.263014,0.328767,0.482192,0.31694,1.063014,1.194521,1.523288,1.704918,0.835616,1.139726,1.271233,1.387978,1.610959,1.863014,1.978082,2.196721,2.410959,2.783562,2.794521
        Luxembourg,1,1,1,1,1.461749,1.556164,1.742466,2.136986,2.262295,2.312329,2.761644,2.879452,2.786885,2.772603,3.49863,3.972603,4.308743,5.265753,5.934247,6.978082,6.70765,7.276712,7.884932,8.210959,8.909836,9.076712,8.49589,9.134247,9.172131,8.808219,9.043836,8.454795,7.778689,7.835616,8.515068,9.59726,10.617486,12.043836,12.879452,12.59726
        Macau,0,0,0,0,0,0,0,0,0,0,0,0,0,0,0,0.0869,1.1,1.4,1.8,1.8,1.771643125,1.86866546,2.106901008,2.273111054,3.471766849,3.771879039,4.328474197,4.772999052,3.485634258,3.9631257,3.256655467,3.360041354,3.436780424,3.56681313,3.601275093,4.359438,4.072584,4.090238649,4.090238649,4.090238649
        Madagascar,0.031078686,0.02719385,0.023309014,0.031078686,0.031078686,0.033409587,0.02172,0.02172,0.02166,0.02172,0.02172,0.02172,0.02166,0.02172,0.02172,0.02172,0.02166,0.02172,0.02172,0.021726027,1.933508785,1.844847584,1.092476146,1.479005833,1.823859635,2.027240408,1.71334711,2.005268877,2.160771167,1.408215918,1.898309471,1.367331879,1.468246,1.130079315,1.173205479,1.207967,1.204666,1.068920548,0.24185414,0.26768638
        Malawi,0.24,0.28,0.232,0.192,0.184,0.216,0.2,0.2,0.1,0.2,0.3,0.3,0.3,0.4,0.3,0.4,0.4,0.4,0.4,0.4,0.433333333,0.154809025,0.112588402,0.209343961,0.190526267,0.163077082,0.206881099,0.228694682,0.232630667,0.171697101,0.173808219,0.173808219,0.173333333,0.173808219,0.173808219,0.154254,0.155133,0.169897534,0.19427414,0.09776712
        Malaysia,7.420531527,7.652423137,8.348097968,8.904637832,8.997394476,8.997394476,8.9,9.5,9.2,11,13,15,15,18,22,22,22,31,36,32,38.84833333,40.69284932,36.91252055,39.43273973,43.20333333,41.25772603,46.90649315,45.36394521,44.33,44.86424658,49.36153425,51.36032877,52.13,63.41827397,63.74416438,66,63,65.80813699,65.67778082,68.670628
        Maldives,0.021573577,0.021573577,0.021573577,0.021573577,0.086294307,0.086294307,0.1,0.1,0.1,0.1,0.2,0.2,0.2,0.2,0.9,1.1,0.4,0.0869,0.0869,0.08690411,1.495,0.477972603,0.282438356,0.282438356,0.342333333,0.282438356,0.369342466,0.291128767,0.509166667,0.554013699,0.464936986,0.666989041,2.0345,2.877308164,4.845425534,1.374171,0.663216,0.90380274,0.83862466,0.92118356
        Mali,0.361605529,0.482140705,0.361605529,0.361605529,0.361605529,0.397766081,0.3,0.3,0.0804,0.3,0.3,0.3,0.4,0.4,0.4,0.4,0.4,0.4,0.4,0.4,0.433333333,0.434520548,0.434520548,0.391068493,0.39,0.391068493,0.477972603,0.58660274,0.65,0.782136986,0.782136986,0.869041096,0.91,0.955945205,0.955945205,1.08630137,1.347013699,1.368739726,1.3470137,1.21448493
        Malta,1.095393681,1.196119536,1.259073196,0.856169773,1.183528804,0.755443918,1,1.3,1.8,2.1,2.2,2.3,2.8,2.9,3.1,3.1,3.1,3.1,3.7,3.7,2.578333333,1.933616438,1.890164384,1.67290411,2.123333333,1.846712329,1.629452055,1.890164384,2.708333333,1.933616438,2.150876712,2.237780822,2.145,2.237780822,2.368136986,2,3,2.954739726,3.345808219,3.4986291
        Martinique,0,0,0,0,0,0,0,0,0,2.2,2.2,0.4,0.6,1,0.4,0.4,0.4,0.4,0.4,0.4,3.000833333,2.763550685,2.791794521,2.665783562,2.5415,2.372482192,2.150876712,1.992276712,1.993333333,1.955342466,1.911890411,1.890164384,ie,ie,ie,ie,ie,ie,ie,ie
        Mauritania,0.367764024,0.350251451,0.350251451,0.350251451,0.525377177,0.525377177,0.3,0.3,0.4,0.4,0,0.3,0.3,0.3,0.3,0.3,0.3,0.3,0.3,0.3,0.446918333,0.441320795,0.436541068,0.498503699,0.521733333,0.538805479,0.360652055,0.360652055,0.333666667,0.447556164,0.382378082,0.36499726,0.494,0.443210959,0.447556164,0.499698,0.463666,0.443210959,0.48666301,0.44103836
        Mauritius,1.333333333,1.2,1.155555556,1.266666667,1.266666667,1.288888889,1.6,1.8,2,2.6,3.5,3.1,3.5,3.6,3.6,2.8,2.5,2.6,2.6,2.6,4.246666667,4.345205479,4.388657534,4.627643836,4.875,5.083890411,5.235972603,5.540136986,5.568333333,4.605917808,5.083890411,5.366328767,5.438333333,5.040438356,5.192520548,6,6,6.691616438,6.77852055,6.3747206
        Mexico,25,30,32,25,29.628415,31.00274,29.706849,30.673973,27.494536,32.706849,34.912329,36.356164,40.39071,43.043836,47.090411,44.232877,44.07377,46.4,51.580822,54.424658,54.467213,54.378082,52.391781,53.350685,56.661202,57.70411,60.191781,66.794521,63.726776,53.926027,54.772603,55.287671,58.39071,61.290411,65.49863,69.687671,74.882514,80.419178,84.358904,85.364384
        Micronesia,,,,,,,,,,,,,,,,,,,,,0.104284932,0.11080274,0.117320548,0.126010959,0.132528767,0.141219178,0.073868493,0.076041096,0.078213699,0.102112329,0.073868493,0.097767123,0.115147945,0.126010959,0.136873973,0.159469041,0.159469041,0.160989863,0.16272795,0.16446603
        Moldova,,,,,,,--,--,--,--,--,--,0.7,0.5,0.2,0.2,0.4,0.5,0.5,0.3,0.455,0.369342466,0,0.282438356,0.303333333,0.325890411,0.369342466,0.456246575,0.39,0.304164384,0.282438356,0.412794521,0.477972603,0.456246575,0.543150685,0.521424,0.693333,1.021123288,1.173205479,1.04284932
        Mongolia,0,0,0,0,0,0,0,0,0,0,0,0,0,0,0,0,0,0,0.02172,0.021726027,0.39,0.456246575,0.456246575,0.521424658,0.498333333,0.412794521,0.890767123,0.847315068,0.693333333,0.325890411,0.347616438,0.543150685,0.782136986,0.847315068,0.564876712,1,1,0.738684932,0.8755589,1.01243288
        Montenegro,,,,,,,,,,,,,,,,,,,,--,--,--,--,--,--,--,0.325890411,0.238986301,0.303333333,0.043452055,0.043452055,0.217260274,0.26,0.282438356,0.369342466,0.391068,0.412794,0.434520548,0.49969863,0.45841918
        Montserrat,0,0,0,0,0,0,0,0,0,0,0,0,0,0,0,0,0,0,0,0,0,0,0,0,0,0,0,0.008690411,0.0065,0.011514795,0.001086301,0.008690411,0.00065,0.004345205,0.000434521,0.004345,0.002166,0.002172603,0.0021726,0.0021726
        Morocco,4.192719486,4.004282655,4.145610278,4.192719486,4.004282655,4.239828694,4.4,5.3,4.6,4.6,5.4,4,4.5,4.8,5.2,5.2,5.1,5.2,6.1,6,6.175,6.039835616,6.126739726,6.344,6.955,7.995178082,9.059753425,10.51539726,10.48666667,10.60230137,12.16657534,12.25347945,10.96333333,12.51419178,13.68739726,15,14,15.27339726,16.53170359,17.53290411
        Mozambique,1.750262913,1.480991696,1.750262913,1.750262913,1.615627305,1.750262913,0.9,0.9,0,1.1,1.3,0.8,0.8,0.8,0.7,0.7,0.8,0.8,0.6,0.6,0.91,1.260109589,0.847315068,0.825589041,0.866666667,0.955945205,1.173205479,1.998794521,1.256666667,1.455643836,1.390465753,1.281835616,1.516666667,1.67290411,3.389260274,1,1,1.433917808,0.82241704,0.94868871
        Namibia,,,,,,,--,--,--,--,2.1,0,0,0.3,0.3,0.3,0.3,0.3,0.3,0.5,1.04,0.49969863,0.412794521,0.651780822,0.325,0.195534247,0.608328767,0.869041096,0.866666667,0.869041096,0.934219178,0.977671233,1.04,1.08630137,1.173205479,1,1,0.890767123,0.86919318,0.86191496
        Nauru,0.104491995,0.104491995,0.104491995,0.104491995,0.104491995,0.104491995,0.1,0.1,0.1,0.1,0.1,0.1,0.1,0.1,0.1,0.1,0.1,0.1,0.1,0.1,0.065,0.043452055,0.021726027,0.017380822,0.013,0.010863014,0.009124932,0.016729041,0.0169,0.019336164,0.022812329,0.032589041,0.043452055,0.054315068,0.065178082,0.076041096,0.104284932,0.084731507,0.08212438,0.08060356
        Nepal,0.209997454,0.209997454,0.314996181,0.314996181,0.314996181,0.262496817,0.4,0.5,0.5,0.4,0.4,0.3,0.4,0.4,0.5,0.5,0.7,0.8,1,0.9,1.105,0.803863014,0.912493151,0.847315068,1.126666667,1.260109589,1.08630137,1.173205479,1.17,1.390465753,1.716356164,1.846712329,1.95,2.020520548,2.324684932,1,3,3.324082192,2.94000948,2.03740167
        Netherlands,17,31,22,21,22.237705,23.556164,25.994521,29.424658,31.756831,32.531507,33.789041,35.860274,41.382514,45.230137,47.323288,54.643836,58.199454,62.953425,66.369863,70.684932,70.122951,68.093151,71.161644,70.10137,74.663934,77.2,77.849315,78.391781,79.226776,73.641096,71.950685,74.679452,71.543716,73.312329,76.073973,79.761644,81.584699,84.076712,85.09863,83.287671
        Netherlands Antilles,1.413544669,1.296829971,1.231988473,1.154178674,1.102305476,0.92074928,0.9,0.9,1,1.7,1.7,1,1,1.3,1,1.3,1.3,1.3,1.4,1.4,1.581666667,1.629452055,1.629452055,1.629452055,1.646666667,1.694630137,1.759808219,1.824986301,1.841666667,1.781534247,1.824986301,1.846712329,2.442005479,2.481112329,2.511528767,2.528909589,2.546,2.570933,1.86843836,1.93361644
        New Caledonia,0.734829446,0.734829446,0.514380612,0.440897668,0.514380612,0.462942551,0.5,0.6,0.6,0.6,0.6,0.5,0.4,0.4,0.4,0.4,0.5,0.5,0.5,0.5,0.606666667,0.651780822,0.608328767,0.608328767,0.606666667,0.477972603,0.477972603,0.608328767,0.686833333,0.65829863,0.673506849,0.006517808,0.65,0.647435616,0.65829863,0.636572,0.660833,0.690887671,0.68688356,0.70948298
        New Zealand,7,6,6,5,6.718579,7.084932,8.339726,10.734247,11.959016,14.254795,15.082192,14.013699,13.693989,14.810959,15.841096,18.189041,18.155738,17.813699,19.268493,19.641096,19.934426,21.20274,20.572603,21.873973,23.617486,22.983562,22.945205,22.178082,22.81694,21.457534,22.4,22.958904,22.442623,22.745205,22.506849,22.769863,28.79235,31.780822,33.843836,33.361644
        Nicaragua,0.282608696,0.282608696,0.282608696,0.282608696,0.260869565,0.304347826,0.3,0.3,0.3,0.3,0.3,0.5,0.3,0.3,0.2,0.3,0.4,0.5,0.5,0.5,0.888333333,0.99939726,0.49969863,0.521424658,0.411666667,0.369342466,0.369342466,0.564876712,0.65,0.434520548,0.543150685,0.608328767,0.498333333,0.543150685,0.608328767,1,1,0.608328767,0.39106849,0.36934247
        Niger,0.64,0.64,0.64,0.48,0.48,0.48,0.4,0.4,0.5,0.5,0.5,0.5,0.5,0.5,0.6,0.6,0.6,0.6,0.6,0.6,0.325,0.195534247,0.217260274,0.217260274,0.26,0.282438356,0.282438356,0.304164384,0.303333333,0.304164384,0.304164384,0.325890411,0.26,0.477972603,0.673506849,1,1,1.021123288,0.96898082,1.00775342
        Nigeria,7.924074964,9.322441134,10.02162422,9.415665545,9.788563191,10.34790966,9.7,8.9,7,13,13,11,7.4,8.3,0,0,8.5,11,14,9.4,4.008333333,4.041041096,4.062767123,4.084493151,4.095,4.84490411,4.888356164,5.018712329,18.04833333,13.73084932,11,12,13,11,8,10,13,15.01268493,18.40563863,15.45693874
        Niue,0,0,0,0,0,0,0,0,0,0,0,0,0,0,0,0,0,0,0,0,0.008233333,0.008145088,0.00814726,0.00814726,0.008125,0.010080181,0.008672813,0.009570011,0.017912288,0.0094964,0.00744893,0.009863675,0.009611538,0.010460514,0.010872877,0.010841,0.01105,0.010428493,0.01047195,0.01047195
        North Korea,0,0,0,0,0,0,0,0,0,0,0,0,0,0,0,0,0,0.3,0,0,0,0,0,0,0,0,0,0,0,0,0,0,0,0,0,0,0,0,0,0
        North Macedonia,,,,,,,--,--,--,--,--,--,0.2,0.2,0.4,0.4,0.4,0.4,0.3,0.8,0.606666667,0.477972603,0.434520548,0.152082192,0.108333333,0.130356164,0.08690411,0.152082192,0.13,0.065178082,0.152082192,0.08690411,0.173333333,0.217260274,0.260712329,0.304164384,0.312,0.438583315,0.494745096,0.58584233
        Northern Mariana Islands,,,,,,,,,,,,,,,,,,,,,,,,,,,,,,,,,,,,,,,NA,NA
        Norway,6,7,6,4,7.147541,7.967123,8.679452,11.312329,11.106557,11.271233,10.558904,10.167123,10.702186,10.386301,11.939726,11.893151,12.814208,13.608219,13.682192,15.868493,13.693989,13.30137,13.430137,11.723288,13.459016,14.230137,15.608219,15.652055,15.587432,15.476712,16.863014,17.627397,18.836066,19.153425,20.394521,19.487671,19.150273,19.961644,18.336986,19.547945
        Oman,2.125,2.125,2.5,2.625,3.125,3.75,3.7,3.1,2.2,2.6,5.9,5.6,4.9,4.1,3,3.4,3.3,3.7,3.9,3.9,4.441666667,5.496684932,7.777917808,7.777917808,4.138333333,4.714547945,6.561260274,6.365726027,5.871666667,6.669890411,8.842493151,9.494273973,10.18333333,10,11,11,5,14.0350137,9.56438386,13.81918734
        Pakistan,6.895720313,7.492465341,8.884870404,9.083785413,9.282700422,10.60880048,11,11,10,12,11,11,8.9,5.7,15,14,13,13,13,16,13.845,14.16536986,15.79482192,14.53471233,16.35833333,17.27219178,16.55523288,13.81775342,14.47333333,15.46893151,16.03380822,4.345205479,14.97166667,15.81654795,14.29572603,15,17,17,18.09778082,20.43550137
        Palestinian Territories,,,,,,,--,--,--,--,--,--,--,--,--,--,--,0,0,0,0,0,0,0,0,0,0,0,0,0,0,0,0,0,0,0,0,0,0,0
        Panama,2.228571429,2.2,2.114285714,2.171428571,2.142857143,1.857142857,1.9,1.8,1.7,1.5,1.7,0.8,1.4,0.9,0.5,1.1,0.5,3.2,3.5,0,3.726666667,3.563068493,3.823780822,3.75860274,4.095,4.280027397,4.584191781,5.583589041,6.435,7.734465753,9.168383562,9.950520548,9.923333333,11.62342466,13.01389041,14,15,17.61980822,15.81654795,15.70791781
        Papua New Guinea,1.083333333,1.083333333,1.083333333,1.083333333,1.263888889,1.263888889,1.3,1.2,1.1,1.2,1.2,1.2,1.2,1.2,1.1,1.4,1.4,1.5,1.4,1.4,1.456140357,1.530497474,1.618456512,1.759193373,1.929824,1.935111189,1.794376501,1.694630137,1.82,1.738082192,1.868438356,1.716356164,2.270369863,2.496320548,0.99939726,2.413017736,3.671255242,2.800050411,2.82581227,3.0937863
        Paraguay,0.363302752,0.333944954,0.330275229,0.348623853,0.366972477,0.403669725,0.4,0.4,0.4,0.4,0.9,1,0.5,0.6,0.5,0.5,0,0.2,0.3,0.4,0.281666667,0.152082192,0.434520548,0.543150685,0.346666667,0.347616438,0.49969863,0.521424658,0.541666667,0.456246575,0.543150685,0.543150685,0.606666667,0.695232877,0.803863014,1,1,1.303561644,1.56427397,1.54254795
        Peru,7.541237113,7.768041237,7.711340206,7.030927835,7.201030928,7.087628866,7.7,7.4,6.4,7.8,5.8,5.6,5.7,6.3,5.4,8.6,9.7,9.5,9.1,8.4,7.28,7.538931507,4.236575342,7.104410959,9.295,6.604712329,9.820164384,3.606520548,12.22,11.9710411,13.31805479,16.35969863,13.975,15.29512329,16.85939726,18,20,21.61739726,21.98673973,23.02958904
        Philippines,10.51800379,9.910296905,9.770056854,9.115603285,7.806696147,7.105495894,7.4,8.8,10,12,12,13,11,16,13,14,17,19,14,17,16.77,17.40254795,16.42487671,17.64153425,19.24,19.72723288,21.11769863,22.81232877,24.22333333,25.50635616,26.65783562,30.41643836,31.17833333,34.71819178,34.80509589,36,41,44.34282192,48.51204658,49.30070137
        Poland,1,1,4,4,4.163934,4.273973,6.049315,7.10137,7.508197,10.356164,4.635616,4.8,5.180328,5.183562,5.243836,5.654795,6.628415,5.958904,6.112329,5.460274,5.79235,5.720548,5.59726,6.046575,5.923497,6.761644,9,9.369863,11.196721,10.167123,10.706849,10.493151,11.560109,11.331507,12.758904,13.947945,14.76776,18.4,21.761644,23.243836
        Portugal,5,6,12,8,8.612022,9.131507,9.717808,10.167123,10.29235,11.506849,12.19726,12.482192,12.937158,12.287671,12.49863,13.035616,13.068306,13.473973,14.334247,15.564384,16.557377,15.887671,15.520548,16.389041,17.614754,18.520548,19.408219,21.024658,21.464481,20.227397,21.868493,22.276712,22.196721,22.586301,23.273973,25.153425,27.300546,30.742466,32.821918,34.558904
        Puerto Rico,8.14340589,8.14340589,8.14340589,8.14340589,8.14340589,8.14340589,8.14340589,8.5377943,8.60040568,7.328212291,8.358422939,5.594778661,4.901734104,4.514814815,7.066666667,6.883116883,5.524627721,0.827075509,0.692005041,0.962386511,9.049180328,20,6.40750137,9.361643836,7.885245902,7.219178082,13.96325479,13.66827397,9.248218579,8.208219178,3.44109589,7.915068493,5.202185792,2.745430137,3.904109589,3.917808219,1.949141421,8.9376,7.263167123,4.441095891
        Qatar,1.167103999,1.235757176,1.441716705,1.510369882,1.647676235,1.716329411,1.9,2.3,2.3,2.1,2.2,2.3,1.5,2.1,2.2,2,2.2,4.3,3.9,3.7,3.9,7.039232877,15.25167123,12.94871233,7.323333333,9.863616438,12.70972603,16.12071233,18.56833333,22.18227397,24.57213699,31.26375342,41.64333333,48.66630137,44.62526027,57.29153425,71.54380822,71.56553425,94.12099619,100.0147026
        Reunion,0.753588747,0.753588747,0.823690026,0.946367264,1.051519182,1.033993863,1,1.1,1,1.2,0.9,1,1,1,1.1,1.1,1.1,1.1,3.7,3.7,4.079833333,3.571758904,3.528306849,3.189380822,3.891333333,3.176345205,3.169827397,2.883043836,3.484,3.541342466,3.919375342,4.323479452,ie,ie,ie,ie,ie,ie,ie,ie
        Romania,0,0,0,0,0,0,0,0,0,8.1,7.2,7.8,7.5,5.6,5.7,5,5.2,3.6,2,2.3,2.968333333,3.163333333,1.564273973,2.476767123,2.99,2.389863014,3.150273973,3.497890411,3.835,3.041643836,3.280630137,3.410986301,3.033333333,3.063369863,3.867232877,5,6,6.344,3.62824658,4.01931507
        Russia,,,,,,,--,--,--,--,--,--,302,266,206,201,182,184,173,180,188.8683333,194.7955616,201,205.376137,201.1316667,218.042411,230.3393425,232.4467671,246.87,226.9283562,241.6586027,261.8577808,269.4618904,256.932,241.854137,213,206,213.2626849,241.028548,247.6767123
        Rwanda,0.048301436,0.109775991,0.105384951,0.11855807,0.193205744,0.197596784,0.2,0.2,1.2,0.2,0.3,0.3,0.3,0.3,0.3,0.3,0.3,0.3,0.3,0.3,0.39,0.400604047,0.40294394,0.410965189,0.418578333,0.439991162,0.496198567,0.535322797,0.52,0.543150685,0.584430137,0.673506849,0.7605,0.736512329,0.756283014,0.978105,0.9425,1.127580822,0.51164795,0.4779726
        Saint Helena,0,0,0,0,0,0,0,0.02172,0.02166,0.02172,0.02172,0,0,0,0,0,0,0,0,0,0,0,0,0,0,0,0,0,0,0,0,0,0,0,0,0,0,0,0,0
        Saint Kitts and Nevis,0,0,0,0,0,0,0,0,0,0,0,0,0,0,0,0,0,0,0,0,0.078,0.080386301,0.082558904,0.082558904,0.0845,0.08690411,0.089076712,0.091249315,0.093166667,0.093421918,0.097767123,0.104284932,0.101833333,0.104284932,0.104284932,0.10863,0.10863,0.117320548,0.112975343,0.112975343
        Saint Lucia,0,0,0,0,0,0,0,0,0,0,0,0,0,0,0,0,0,0,0,0,0,0,0,0,0,0,0,0,0,0,0,0,0,0,0,0,0,0,0.65262814,0.65010792
        Saint Pierre and Miquelon,0.000153442,0.000153442,0.000138098,0.000153442,0.000153442,0.000138098,0.00017,0.00086,0.00171,0.00172,0.00172,0.00258,0,0,0,0,0,0,0,0,0,0,0,0,0,0,0,0,0,0,0,0,0,0,0,0,0,0,0,0
        Saint Vincent/Grenadines,0,0,0,0,0,0,0,0,0,0,0,0,0,0,0,0,0,0,0.02172,0.021726027,0.006283333,0.008473151,0.009124932,0.00782137,0.004983333,0.006517808,0.006517808,0.008690411,0.010833333,0.003556551,0.002611251,0.002190201,0.001916417,0.001082608,0.001086301,0.001086301,0.001,0.001303562,0.00130356,0.00130356
        Samoa,0,0,0,0,0,0,0,0,0,0,0,0,0,0,0,0,0,0,0,0,0.156,0.160772603,0.165117808,0.173808219,0.184166667,0.193361644,0.199879452,0.208569863,0.2145,0.225950685,0.236813699,0.243331507,0.242666667,0.23029589,0.247676712,0.263536,0.271575,0.282438356,0.271575343,0.271575343
        Sao Tome and Principe,0,0,0,0,0,0,0,0,0,0,0,0,0,0,0,0,0,0,0,0,0.065,0.067350685,0.084731507,0.08690411,0.108333333,0.119493151,0.130356164,0.152082192,0.173333333,0.195534247,0.212915068,0.217260274,0.216666667,0.217260274,0.217260274,0.22595,0.234641,0.24550411,0.10050134,0.07488336
        Saudi Arabia,16.90965092,18.57289528,19.95893224,21.89938398,23.56262834,26.02977413,27,41,41,43,45,47,52,53,52,51,53,53,52,49,53.56,50.73027397,51.59931507,50.83890411,52.49833333,49.94813699,49.70915068,51.36032877,54.96833333,56.31386301,57,58,60,56,66,76.410438,78,88.01213699,92.24871233,91.20586301
        Senegal,2.528205128,2.528205128,2.528205128,2.379487179,2.974358974,2.825641026,2.9,3,2.8,3.5,2.9,2.9,2.8,3.2,3,3.2,3.2,3.3,3.9,3.8,5.395,4.84490411,3.888958904,4.605917808,5.243333333,5.301150685,5.583589041,6.821972603,6.933333333,4.497287671,4.910082192,4.758,4.398333333,5.779123288,5.713945205,6,5,4.910082192,4.38865753,4.2356194
        Serbia,,,,,,,,,,,,,,,,,,,,--,--,--,--,--,--,--,1.126666667,1.021123288,1.018333333,0.847315068,0.869041096,0.977671233,0.801666667,0.890767123,1.433917808,1.325287671,1.348,2.77200211,2.931340795,2.98294011
        Seychelles,0.225574086,0.180459269,0.165420996,0.285727176,0.300765448,0.31580372,0.3,0.3,0.5,0.5,0.4,0.5,0.8,0.8,0.8,0.9,0.9,0.9,0.9,0.9,0.6812,0.791696438,0.580084932,0.678938356,1.00035,0.697405479,0.756283014,0.748027123,0.944255,1.052626027,1.088691233,0.858178082,0.686183333,0.645914795,0.686107945,0.874255,0.994834,1.30052,0.68784603,1.07867553
        Sierra Leone,0.258322728,0.258322728,0.278988546,0.258322728,0.258322728,0.284155001,0.3,0.3,0.5,0.3,0.3,0.3,0.3,0.3,0.2,0.3,0.3,0.4,0.4,0.4,0.238986301,0.234641096,0.232468493,0.232468493,0.230947671,0.232468493,0.250414192,0.217260274,0.212915068,0.210742466,0.20639726,0.208569863,0.210742466,0.204224658,0.202052055,0.197706849,0.184671233,0.189016438,0.10717002,0.08401902
        Singapore,17.26495727,18.29059829,18.97435897,18.8034188,20.08547009,19.4017094,22,25,30,29,39,33,35,45,55,54,55,61,67,74,82,79.62589041,82.58063014,71.32654795,86.68833333,92.57460274,99.65728767,103.850411,105.8633333,103.6548767,116.9077534,126.0109589,139.425,146.1292603,147.0852055,150,159,169.2240274,177.8026797,183.117344
        Slovakia,,,,,--,--,--,--,--,--,--,--,--,0,0.679452,0.854795,0.830601,0.767123,0.613699,0.438356,0.546448,0.652055,0.975342,0.712329,0.562842,0.821918,0.852055,1.041096,1.311475,0.953425,0.854795,0.90411,0.765027,0.857534,0.739726,0.90137,1.027322,0.849315,0.986301,0.945205
        Slovenia,,,,,,,--,--,--,--,--,--,0.229508,0.353425,0.372603,0.410959,0.371585,0.391781,0.391781,0.427397,0.513661,0.569863,0.6,0.536986,0.415301,0.482192,0.517808,0.679452,0.73224,0.580822,0.580822,0.50411,0.502732,0.536986,0.547945,0.536986,0.442623,0.558904,0.742466,0.569863
        Solomon Islands,0,0,0,0,0,0,0,0.088,0.04333,0.04345,0.04345,0.04345,0.04333,0.04345,0.04345,0.04345,0.04333,0.04345,0.04345,0.043452055,0.043333333,0.043452055,0.043452055,0.043452055,0.043333333,0.043452055,0.043452055,0.065178082,0.054166667,0.056053151,0.058008493,0.058660274,0.060666667,0.063005479,0.065178082,0.06735,0.05866,0.068502164,0.06982745,0.07076167
        Somalia,0.976242701,1.136890234,1.124532732,1.099817727,1.136890234,1.124532732,1.2,0.8,0.7,0.7,0.4,0.5,0.4,0.4,0.4,0.4,0.4,0.4,0.4,0.4,0.975,0.977671233,0.977671233,0.977671233,0.975,0.977671233,0.977671233,0.912493151,0.91,0.912493151,0.912493151,0.912493151,0.91,0.912493151,0.912493151,0.912493,0.912493,0.933741206,0.93374121,0.93374121
        South Africa,10.6910337,11.1022273,11.95888064,11.58195317,12.33580811,11.99314677,12,10,9.8,9.8,10,11,17,20,22,24,25,31,32,34,33.93,32.41523288,35.65241096,35.84794521,35.68374747,37.47739726,39.08512329,41.30117808,40.755,40.38868493,39.69345205,42.60473973,41.51333333,41.30117808,39.51096259,42,45,48,45.60293151,50.41020614
        South Korea,13,15,18,21,10.090164,11.723288,13.906849,15.271233,17.871585,23.243836,28.024658,30.20274,36.030055,39.909589,53.183562,62.246575,67.445355,72.865753,61.238356,70.783562,69.377049,68.473973,73.991781,81.139726,84.969945,88.6,90.145205,94.835616,91.431694,90.336986,98.961644,102.613699,108.814208,111.306849,118.641096,125.750685,134.874317,139.545205,146.10411,146.619178
        South Sudan,,,,,,,--,--,--,--,--,--,--,--,--,--,--,--,--,--,--,--,--,--,--,--,--,--,--,--,--,--,0.845,0.99939726,1.042849315,1.629452055,1.738082192,1.716356164,1.69439115,1.9058723
        Spain,47,38,39,38,43.101093,40.89589,39.786301,43.805479,49.581967,47.194521,45.747945,50.410959,55.505464,54.750685,58.421918,63.947945,69.065574,73.89863,78.624658,85.90137,91.89071,93.871233,90.263014,94.715068,104.721311,111.90137,117.060274,123.142466,121.234973,110.819178,113.279452,120.816438,113.639344,110.753425,113.684932,119.50137,126.898907,138.430137,144.391781,149.419178
        Sri Lanka,2.611452371,2.611452371,2.688259793,2.765067216,2.995489484,2.534644948,2.4,2.3,2.1,2.2,2.9,2.2,2.8,3.2,3.2,3.7,4.4,4.8,4.8,6.7,5.655,4.453835616,4.627643836,5.409780822,7.085,6.84369863,9.342191781,7.234767123,7.388333333,4.975260274,4.823178082,6.84369863,9.078333333,7.604109589,10.01569863,8,11,11.92758904,11.08679178,10.40242192
        Sudan,1.414285714,1.478571429,1.607142857,1.542857143,1.414285714,1.607142857,1.8,1.9,1.6,1.7,1.5,3,2.8,2.9,1.7,2.9,3,3,3,0.8,2.188333333,2.520219178,2.628849315,3.975863014,5.308333333,6.669890411,5.692219178,4.888356164,5.351666667,5.561863014,5.779123288,6.669890411,4.745,5.301150685,5.301150685,4,5,6,2.71575342,1.37319356
        Suriname,0.491425215,0.421221613,0.386119812,0.280814409,0.235182067,0.301875489,0.3,0.2,0.1,0.1,0.3,0.5,0.4,0.4,0.4,0.4,0.5,0.5,0.4,0.4,0.476666667,0.471454795,0.636572603,0.664816438,0.693333333,0.727821918,0.760410959,0.795172603,0.829833333,0.869041096,0.916838356,0.947254795,0.983666667,1.025468493,1.040676712,1,1,0.977671233,0.95594521,0.95594521
        Sweden,9,13,9,7,7.281421,7.038356,8.613699,10.317808,11.928962,13.405479,11.460274,12.00274,13.846995,17.421918,17.682192,17.857534,17.661202,18.268493,18.476712,19.734247,19.464481,19.887671,15.153425,14.723288,17.677596,17.989041,18.358904,18.063014,20.469945,18.569863,17.857534,19.265753,18.409836,20.383562,18.838356,19.169863,21.076503,22.635616,23.40274,22.038356
        Switzerland,16,17,16,18,17.702186,18.928767,20.076712,20.427397,21.871585,22.90411,24.076712,22.863014,24.483607,25.413699,26.073973,27.482192,28.289617,29.389041,30.635616,32.638356,33.934426,32.706849,29.687671,26.682192,25.106557,25.517808,26.750685,28.517808,30.437158,29.273973,30.736986,32.775342,33.5,33.939726,34.175342,35.323288,36.907104,37.890411,40.052055,40.463014
        Syria,4.341226472,4.735883424,4.77534912,5.485731633,6.077717061,6.472374013,6.5,6.8,8.1,11,10,7,6.2,6.3,6.5,4.5,4.3,5.7,6.3,5.7,8.06,5.692219178,6.539534247,5.018712329,7.67,6.604712329,6.43090411,2.628849315,3.401666667,2.520219178,1.955342466,1.868438356,1.343333333,2,2,2,1,1.368739726,2.8548,2.2204
        Taiwan,11.2787534,10.0915162,9.794706901,10.00247341,11.39747712,11.21939154,12,12,15,15,16,5.7,7.6,13,32,38,41,42,44,48,44.23548819,42.87011286,44.73571121,42.94051865,48.46027082,51.24414577,52.80041354,51.75638839,45.23999038,43.0244163,47.30173171,47.20985612,49.10391106,52.17373998,56.93757215,60.849539,63.991253,66.77255387,76.10627397,78.90893151
        Tajikistan,,,,,,,--,--,--,--,--,--,0,0.4,0,0,0.1,0.1,0.1,0.1,0.065,0.08690411,0.108630137,0.08690411,0.13,0.238986301,0.434520548,0.521424658,0.563333333,0.58660274,0.630054795,0.673506849,0.715,0.760410959,1.325287671,1,1,0.391068493,0.627882192,0.8712137
        Tanzania,1.37063381,1.68693392,1.58150055,1.37063381,1.58150055,1.58150055,1.9,0.6,1.3,2,1.2,1.2,1.6,2.4,1.3,0.9,0.9,0.9,0.9,1,1.191666667,1.368739726,1.455643836,1.564273973,1.668333333,1.803260274,1.890164384,2.042246575,2.145,2.17260274,2.302958904,2.476767123,2.6,2.802657534,2.998191781,3.649972,4,4,3.67873786,3.74626236
        Thailand,22.94494238,21.9206146,20.38412292,21.9206146,23.86683739,23.04737516,24,26,31,37,41,44,47,50,56,55,57,61,57,57,60.03539884,64.0544499,65.09347807,64.81088998,72.8923944,73.96743345,77.85818902,84.9797536,79.67316218,76.35909365,81.18721461,87.47307659,87.49011926,95.84561041,94.99612303,104,111,115.8693336,120.7119808,121.6809616
        The Bahamas,0.741721854,0.768211921,0.662251656,0.503311258,0.450331126,0.397350993,0.4,0.9,3.1,1.9,1.2,1,1.3,1.5,1.2,0.4,0.4,0.4,0.5,0.5,0.745901639,0.632876712,1.961643836,0.597260274,0.743169399,0.78630137,2.309589041,3.657534247,4.163934426,1.197260274,0.457534247,0.41369863,0.420765027,0.342465753,0.438356164,0.473972,0.431693,2.235616438,0.49774329,0.62918575
        Timor-Leste,,,,,,,,,,,,,,,,,,,,--,--,--,--,0.043452055,0.043333333,0.04779726,0.052142466,0.054315068,0.0585,0.063005479,0.065178082,0.065178082,0.069333333,0.069523288,0.069523288,0.06735,0.065866,0.067133425,0.07321671,0.06344
        Togo,0.341666667,0.316666667,0.308333333,0.333333333,0.391666667,0.366666667,0.3,0.02042,0.3,0,0.3,0.8,0.8,0.1,0,0,0,0,0,0.4,0.498333333,0.890767123,0.391068493,0.630054795,1.17,1.216657534,1.021123288,0.912493151,1.321666667,1.520821918,1.694630137,1.433917808,1.56,1.629452055,1.716356164,0.608328767,1.151479452,1.173205479,1.3470137,1.28183562
        Tonga,0.069947408,0.104921112,0.104921112,0.104921112,0.104921112,0.104921112,0.06517,0.1,0.065,0.0869,0.0869,0.1,0.065,0.06517,0.06517,0.06517,0.065,0.06517,0.06517,0.065178082,0.022316667,0.00825589,0.022812329,0.025853973,0.00845,0.060181096,0.049535342,0.00803863,0.020583333,0.024984932,0.069523288,0.08690411,0.0845,0.025115288,0.092270438,0.103415,0.066733,0.101460548,0.0803863,0.00243332
        Trinidad and Tobago,4.363636364,4.051948052,3.116883117,2.701298701,2.597402597,2.493506494,2.4,1.9,1.4,1,1.2,1.1,1,1.3,2,1.4,2.8,1.5,1.2,1.7,2.231666667,2.020520548,1.455643836,1.607726027,8.298333333,10.49367123,10.27641096,10.18950685,10.48666667,10.10260274,7.951726027,8.755589041,5.806666667,8.212438356,7.060958904,7.647561,8.926666,6.93060274,5.71394521,5.36632877
        Tunisia,1.691056911,1.853658537,1.691056911,1.918699187,1.853658537,1.788617886,2,3.5,3.6,6.3,4.1,4.1,4.1,4.7,5.1,5.8,5.4,6.3,6.5,6.9,6.001666667,5.713945205,4.692821918,4.345205479,4.961666667,4.627643836,4.605917808,4.823178082,4.918333333,4.366931507,5.301150685,5.366328767,6.196666667,6.43090411,5.974657534,4,5,5.627041096,6.25709589,6.61637921
        Turkiye,3,5,3,4,4.625683,4.276712,5.767123,5.873973,8.180328,8.846575,10.084932,10.430137,11.519126,14.531507,17.353425,24.183562,26.030055,31.172603,32.832877,24.849315,26.439891,26.082192,34.849315,36.572603,39.010929,42.252055,37.19726,45.745205,43.770492,45.273973,34.241096,31.238356,29.797814,45.139726,75.734247,100.517808,100.693989,100.347945,106.586301,117.915068
        Turkmenistan,,,,,,,--,--,--,--,--,--,2.2,1.7,5.3,4.3,4.8,4.6,5.4,5.4,6.933333333,6.995780822,8.01690411,8.103205479,8.1,8.559452055,8.907671233,9.559452055,9.966666667,10.42849315,11.51479452,10.42849315,8.991666667,9.885342466,10.21123288,10,10,10.21123288,10.21123288,8.1954486
        Turks and Caicos Islands,0,0,0,0,0,0,0,0,0,0,0,0,0,0,0,0,0,0,0,0,0,0,0,0,0,0,0,0,0,0,0,0,0,0,0,0,0,0,0.53228767,0.53663288
        Tuvalu,,,,,,,,,,,,,,,,,,,,,,,,,,,,,,,,,,,,,,,NA,NA
        U.S. Pacific Islands,0.1375,0.1375,0.1375,0.1375,0.125,0.1125,0.1,0.1,0.1,0.3,0.3,0.3,0.3,0.3,0.3,0.3,0.3,0.3,0.3,0.3,0.303333333,0.304164384,0.304164384,0.304164384,0.303333333,0.304164384,0.3,0.3,0.3,0.3,0.3,0.3,0.3,0.3,0.3,0.3,0.3,0.3,0.3,0.3
        U.S. Territories,,,,,,,,,,,,,,,,,,,,,,,,,,,,,,,,,,,,,,,,
        U.S. Virgin Islands,3.744680851,3.744680851,3.744680851,3.744680851,3.744680851,3.744680851,3.744680851,1.671062591,0.865139949,0.4,1.718464351,4.308374025,2.995356115,2.048417132,0.599647266,2.842105263,3.907637655,3.460207612,3.300330033,1.790633609,12.72677596,9.715068493,10.61654521,12.66849315,11.72786066,10.76164384,8.317808219,7.65330137,1.185521858,1.147219178,3.951142466,2.955076712,1.946202186,0.756331507,2.156164384,2.454794521,1.816533206,1.816533206,1.816533206,1.816533206
        Uganda,0.227790433,0.145785877,0.173120729,0.16856492,0.173120729,0.186788155,0.2,0.4,0.3,0.5,0.3,0.3,0.4,0.4,0.4,0.4,0.4,0.4,0.6,0.6,0.758333333,0.760410959,0.782136986,0.782136986,0.801666667,0.803863014,0.825589041,1.694630137,1.711016667,1.793483562,1.87126274,2.156770006,2.382456137,2.002144566,1.803172314,1.803172,2.121087,2.21591401,2.34887382,2.30629274
        Ukraine,,,,,,,--,--,--,--,--,--,32,26,14,19,14,14,14,14,5.525,5.301150685,6.365726027,7.84309589,7.93,7.908273973,7.060958904,7.560657534,5.525,5.105616438,5.800849315,5.214246575,6.213643836,3.128547945,3.150273973,2.628849,2.621666,5.713945205,6.821972603,2.759205479
        United Arab Emirates,5.777563794,10.5536832,11.40105922,11.4780934,11.78623014,14.25132403,16,17,18,18,18,26,26,18,21,5.4,5.7,4.2,15,11,67.70833333,69.50156164,70.30542466,72.00005479,73.99166667,63.61380822,71.19619178,81.38569863,84.97666667,83.77556164,86.83893151,90.72789041,101.8116667,102.8292877,127.3579726,176.2198082,180.356,167.9639178,156.1536493,163.7481126
        United Kingdom,108,105,105,106,103.95082,108.09589,118.673973,125.545205,133.491803,141.709589,142.271233,133.419178,143.606557,153.520548,157.164384,166.586301,174.439891,182.90411,200.479452,215.30137,233.34153,229.791781,227.810959,233.10137,250.52459,269.80274,272.906849,271.460274,263.013661,248.983562,239.986301,249.868493,241.565574,242.70411,242.210959,244.646575,244.139344,263.013699,264.945205,265.739726
        United States,850.8224044,809.4986301,803.7287671,838.9863014,952.9945355,1004.652055,1105.090411,1180.873973,1235.934426,1284.416438,1340.30137,1295.654795,1309.92623,1357.394521,1479.912329,1497.175342,1574.647541,1597.972603,1622.969863,1674.712329,1725.510929,1655.641096,1620.435616,1578.186301,1629.919363,1678.989786,1632.905447,1622.385373,1538.55385,1393.189756,1431.649071,1425.342899,1398.133358,1434.398266,1469.927937,1548.242622,1614.227352,1682.175647,1707.016948,1743.384052
        Uruguay,0,0,0,0,0,0,0,0.7,0.7,0.01206,0.5,0.7,0.7,0.6,0.6,0,0,0.04676,1.3,0.1,0.953333333,1.021123288,0.847315068,0.673506849,0.953333333,0.912493151,1.216657534,1.520821918,1.473333333,1.49909589,1.629452055,2.020520548,2.036666667,1.607726027,1.738082192,2,2,2.194328767,2.3029589,2.15087671
        Uzbekistan,,,,,,,--,--,--,--,--,--,4.3,5.3,5.4,4.3,6.9,6.5,6.3,6.4,6.326666667,6.24,6.131666667,6.673333333,6.846666667,4.723333333,4.723333333,4.301753425,4.203333333,3.975863014,3.367534247,3.172,2.824383562,2.67230137,2.520219178,4,4,4,4,3.49254581
        Vanuatu,0,0,0,0,0,0,0,0,0,0,0,0.1,0,0,0,0,0,0,0,0,0,0,0,0.115147945,0.125666667,0.126010959,0.130356164,0.13470137,0.1365,0.130356164,0.132528767,0.132528767,0.134333333,0.136873973,0.156427397,0.141219,0.140833,0.141219178,0.23053488,0.23955118
        Venezuela,9.27218345,10.03713858,9.898055833,9.27218345,8.785393819,8.878115653,9.3,15,19,13,20,14,15,13,19,11,10,11,10,5.3,6,5.518410959,5.34460274,4.931808219,12.63166667,13.36150685,4.605917808,4.562465753,3.011666667,3.193726027,12,3,13,12,13,14,10,10,9.38564384,5.32287671
        Vietnam,0,0,0,0,0,0,0,1,1.5,2.2,2.9,2,2.6,3.1,3.8,3.6,3.8,6.3,5,7.5,4.55,5.105616438,5.974657534,5.518410959,8.146666667,8.364520548,8.51660274,9.516,11.57,13.4049589,14.85879452,14.55643836,17.615,21.03079452,19.07545205,27,31,34.00123288,40.64939726,50.81717808
        Wake Island,7.786516854,7.786516854,7.786516854,7.786516854,7.786516854,7.7,7.7,7.7,7.6,7.6,7.4,7.4,7.5,7.5,7.6,7.7,7.7,7.7,7.7,7.7,7.691666667,7.712739726,7.821369863,7.821369863,7.8,7.821369863,7.85,7.85,7.85,7.85,2.245,7.85,7.85,7.85,7.85,7.85,7.85,7.85,7.85,7.85
        Western Sahara,0.038061223,0.038061223,0.041521334,0.041521334,0.041521334,0.044981445,0.04345,0.06517,0.065,0.06517,0.06517,0.06517,0.065,0.06517,0.06517,0.06517,0.065,0.06517,0.06517,0.065178082,0.086666667,0.08690411,0.08690411,0.08690411,0.086666667,0.08690411,0.08690411,0.08690411,0.086666667,0.08690411,0.08690411,0.08690411,0.08690411,0.08690411,0.08690411,0.086904,0.086666,0.08690411,0.08690411,0.08690411
        Yemen,2.439759036,2.493975904,2.927710843,2.710843373,3.361445783,3.740963855,3.6,3,3,3.8,3.6,4.1,3,1.3,1.3,3.9,7.8,5,5.3,2.1,2.578333333,2.346410959,2.194328767,1.955342466,2.21,2.455041096,2.389863014,2.715753425,2.448333333,2.824383562,2.498493151,1.347013699,0.866666667,2,2,0.260712329,0.270179,0,0.12468567,0.12642375
        Zambia,1.210492956,1.059181337,1.059181337,1.059181337,0.983525527,0.907869717,0.9,1.2,1.4,1.5,1.3,1.4,0.8,0.8,0.8,0.8,0.9,0.9,0.9,0.9,0.845,0.890767123,0.912493151,0.955945205,0.996666667,1.042849315,1.108027397,0.651780822,0.823333333,0.608328767,0.695232877,0.716958904,1.042849315,1.042849315,0.825589041,1,0.583278571,0.514945717,0.63016342,0.63016342
        Zimbabwe,2.01863354,2.329192547,1.863354037,2.329192547,2.329192547,2.329192547,2.5,2.3,1.5,2.7,2.6,1.7,1.4,3.1,3.3,2.7,3.9,3.8,3.9,3.9,2.426666667,1.868438356,1.303561644,0.738684932,0.151666667,0.152082192,0.152082192,0.152082192,0.13,0.130356164,0.152082192,0.173808219,0.195,0.195534247,0.195534247,0.477972,1,1.042849315,1.28561595,1.0869097
